﻿{

	"A0" : 
	{
		"0" : 	
		{
			"Case" : 0,
			"Evidence" : ["Evidence_Stage0_Main_0_B0","Evidence_Stage0_Main_0_A6", "Evidence_Stage0_Main_0_A10"],
			"Index" : "A0_0"
		},
		"1" : 
		{
			"Case" : 1,
			"Evidence" : ["Evidence_Stage0_Main_0_B2","Evidence_Stage0_Main_0_A6", "Evidence_Stage0_Main_0_A10"],
			"Index" : "A0_0"
		},
		"2" : 
		{
			"Case" : 2,
			"Evidence" : ["Evidence_Stage0_Main_0_B1","Evidence_Stage0_Main_0_A6", "Evidence_Stage0_Main_0_A10"],
			"Index" : "A0_0"
		},
		"3" : 	
		{
			"Case" : 0,
			"Evidence" : ["Evidence_Stage0_Main_0_B0","Evidence_Stage0_Main_0_A10"],
			"Index" : "A0_1"
		},
		"4" : 
		{
			"Case" : 1,
			"Evidence" : ["Evidence_Stage0_Main_0_B2","Evidence_Stage0_Main_0_A10"],
			"Index" : "A0_1"
		},
		"5" : 
		{
			"Case" : 2,
			"Evidence" : ["Evidence_Stage0_Main_0_B1","Evidence_Stage0_Main_0_A10"],
			"Index" : "A0_1"
		},
		"6" : 	
		{
			"Case" : 0,
			"Evidence" : ["Evidence_Stage0_Main_0_B0"],
			"Index" : "A0_2"
		},
		"7" : 
		{
			"Case" : 1,
			"Evidence" : ["Evidence_Stage0_Main_0_B2"],
			"Index" : "A0_2"
		},
		"8" : 
		{
			"Case" : 2,
			"Evidence" : ["Evidence_Stage0_Main_0_B1"],
			"Index" : "A0_2"
		},
		"9" : 	
		{
			"Case" : 0,
			"Evidence" : ["Evidence_Stage0_Main_0_00","Evidence_Stage0_Main_0_07"],
			"Index" : "A0_3"
		},
		"10" : 
		{
			"Case" : 1,
			"Evidence" : ["Evidence_Stage0_Main_0_02","Evidence_Stage0_Main_0_07"],
			"Index" : "A0_3"
		},
		"11" : 
		{
			"Case" : 2,
			"Evidence" : ["Evidence_Stage0_Main_0_01","Evidence_Stage0_Main_0_07"],
			"Index" : "A0_3"
		}
	},
	"A1" : 
	{
		"0" : 	
		{
			"Case" : 4,
			"Evidence" : ["Evidence_Stage0_Main_1_A33","Evidence_Stage0_Main_1_A34"],
			"Index" : "A1_0"
		},
		"1" : 
		{
			"Case" : 4,
			"Evidence" : ["Evidence_Stage0_Main_1_A33","Evidence_Stage0_Main_1_A36"],
			"Index" : "A1_1"
		},
		"2" : 
		{
			"Case" : 4,
			"Evidence" : [ ],
			"Index" : "A1_2"
		}
	},	
	"D9" : 
	{
		"0" : 	
		{
			"Case" : 4,
			"Evidence" : [],
			"Index" : "D9_0"
		},
	},	
	"D13" : 
	{
		"0" : 	
		{
			"Case" : 4,
			"Evidence" : [],
			"Index" : "D13_0"
		},
	},	
	"C0" : 
	{
		"0" : 	
		{
			"Case" : 3,
			"Evidence" : ["Evidence_Stage0_Main_0_A10"],
			"Index" : "C0_0"
		},
		"1" :
		{
			"Case" : 3,
			"Evidence" : ["Evidence_Stage0_Main_1_A10"],
			"Index" : "C0_0"
		}
	},	
	"C1" : 
	{
		"0" : 	
		{
			"Case" : 3,
			"Evidence" : ["Evidence_Stage0_Main_0_A10"],
			"Index" : "C1_0"
		},
		"1" :
		{
			"Case" : 3,
			"Evidence" : ["Evidence_Stage0_Main_1_A10"],
			"Index" : "C1_0"
		}
	},
	"C2" : 
	{
		"0" : 	
		{
			"Case" : 3,
			"Evidence" : ["Evidence_Stage0_Main_0_A10"],
			"Index" : "C2_0"
		},
		"1" :
		{
			"Case" : 3,
			"Evidence" : ["Evidence_Stage0_Main_1_A10"],
			"Index" : "C2_0"
		}
	},
	"D1" : 
	{
		"0" : 	
		{
			"Case" : 0,
			"Evidence" : ["Evidence_Stage0_Main_0_B0","Evidence_Stage0_Main_0_A10"],
			"Index" : "D1_0"
		},
		"1" : 
		{
			"Case" : 1,
			"Evidence" : ["Evidence_Stage0_Main_0_B2","Evidence_Stage0_Main_0_A10"],
			"Index" : "D1_0"
		},
		"2" : 
		{
			"Case" : 2,
			"Evidence" : ["Evidence_Stage0_Main_0_B1","Evidence_Stage0_Main_0_A10"],
			"Index" : "D1_0"
		},
		"3" : 	
		{
			"Case" : 0,
			"Evidence" : ["Evidence_Stage0_Main_0_B0"],
			"Index" : "D1_1"
		},
		"4" : 
		{
			"Case" : 1,
			"Evidence" : ["Evidence_Stage0_Main_0_B2"],
			"Index" : "D1_1"
		},
		"5" : 
		{
			"Case" : 2,
			"Evidence" : ["Evidence_Stage0_Main_0_B1"],
			"Index" : "D1_1"
		},
		"6" : 	
		{
			"Case" : 0,
			"Evidence" : ["Evidence_Stage0_Main_0_00","Evidence_Stage0_Main_0_07"],
			"Index" : "D1_2"
		},
		"7" : 
		{
			"Case" : 1,
			"Evidence" : ["Evidence_Stage0_Main_0_02","Evidence_Stage0_Main_0_07"],
			"Index" : "D1_2"
		},
		"8" : 
		{
			"Case" : 2,
			"Evidence" : ["Evidence_Stage0_Main_0_01","Evidence_Stage0_Main_0_07"],
			"Index" : "D1_2"
		}
	}
}