﻿{
	
	"0" : 
	{
		"m_Index" : "A0",
		"m_Sex" : "Female",
		"m_Religion" : "Zero",
		"m_Age" : 25,
		"m_Height" : 161,
		"m_Home" : 3,
		"m_HomeaArea" : 1,
		"m_AtlasIndex": 1,
		"m_Company" : 4
	},
	"1" : 
	{
		"m_Index" : "A1",
		"m_Sex" : "Male",
		"m_Religion" : "Zero",
		"m_Age" : 24,
		"m_Height" : 169,
		"m_Home" : 2,
		"m_HomeaArea" : 1,
		"m_AtlasIndex": 1,
		"m_Company" : 3
	},
	"2" : 
	{
		"m_Index" : "C0",
		"m_Sex" : "Male",
		"m_Religion" : "Zero",
		"m_Age" : 40,
		"m_Height" : 178,
		"m_Home" : 4,
		"m_HomeaArea" : 0,
		"m_AtlasIndex": 1,
		"m_Company" : 0
	},
	"3" : 
	{
		"m_Index" : "C1",
		"m_Sex" : "Male",
		"m_Religion" : "Zero",
		"m_Age" : 49,
		"m_Height" : 181,
		"m_Home" : 5,
		"m_HomeaArea" : 0,
		"m_AtlasIndex": 1,
		"m_Company" : 1
	},
	"4" : 
	{
		"m_Index" : "C2",
		"m_Sex" : "Male",
		"m_Religion" : "Zero",
		"m_Age" : 38,
		"m_Height" : 171,
		"m_Home" : 1,
		"m_HomeaArea" : 1,
		"m_AtlasIndex": 1,
		"m_Company" : 5
	},
	"5" : 
	{
		"m_Index" : "D0",
		"m_Sex" : "Male",
		"m_Religion" : "Zero",
		"m_Age" : 28,
		"m_Height" : 181,
		"m_Home" : 3,
		"m_HomeaArea" : 1,
		"m_AtlasIndex": 1,
		"m_Company" : 2
	},
	"6" : 
	{
		"m_Index" : "D1",
		"m_Sex" : "Male",
		"m_Religion" : "Zero",
		"m_Age" : 25,
		"m_Height" : 163,
		"m_Home" : 3,
		"m_HomeaArea" : 1,
		"m_AtlasIndex": 1,
		"m_Company" : 0
	},
	"7" : 
	{
		"m_Index" : "D2",
		"m_Sex" : "Male",
		"m_Religion" : "Zero",
		"m_Age" : 33,
		"m_Height" : 174,
		"m_Home" : 2,
		"m_HomeaArea" : 1,
		"m_AtlasIndex": 1,
		"m_Company" : 1
	},
	"8" : 
	{
		"m_Index" : "D3",
		"m_Sex" : "male",
		"m_Religion" : "Zero",
		"m_Age" : 27,
		"m_Height" : 170,
		"m_Home" : 2,
		"m_HomeaArea" : 1,
		"m_AtlasIndex": 2,
		"m_Company" : 2
	},
	"9" : 
	{
		"m_Index" : "D4",
		"m_Sex" : "Female",
		"m_Religion" : "Zero",
		"m_Age" : 27,
		"m_Height" : 155,
		"m_Home" : 4,
		"m_HomeaArea" : -1,
		"m_AtlasIndex": 1,
		"m_Company" : 0
	},
	"10" : 
	{
		"m_Index" : "D5",
		"m_Sex" : "Male",
		"m_Religion" : "Zero",
		"m_Age" : 33,
		"m_Height" : 178,
		"m_Home" : 3,
		"m_HomeaArea" : 1,
		"m_AtlasIndex": 1,
		"m_Company" : 0
	},
	"11" : 
	{
		"m_Index" : "D6",
		"m_Sex" : "Male",
		"m_Religion" : "Zero",
		"m_Age" : 50,
		"m_Height" : 169,
		"m_Home" : 1,
		"m_HomeaArea" : 0,
		"m_AtlasIndex": 2,
		"m_Company" : 2
	},
	"12" : 
	{
		"m_Index" : "D7",
		"m_Sex" : "Female",
		"m_Religion" : "Zero",
		"m_Age" : 22,
		"m_Height" : 155,
		"m_Home" : 2,
		"m_HomeaArea" : 1,
		"m_AtlasIndex": 2,
		"m_Company" : 5
	},
	"13" : 
	{
		"m_Index" : "D8",
		"m_Sex" : "Male",
		"m_Religion" : "Zero",
		"m_Age" : 42,
		"m_Height" : 175,
		"m_Home" : 3,
		"m_HomeaArea" : 1,
		"m_AtlasIndex": 2,
		"m_Company" : 3
	},
	"14" : 
	{
		"m_Index" : "Player",
		"m_Sex" : "Male",
		"m_Religion" : "Zero",
		"m_Age" : 30,
		"m_Height" : 171,
		"m_Home" : 1,
		"m_HomeaArea" : 1,
		"m_AtlasIndex": 0,
		"m_Company" : 1
	},
	"15" :
	{
		"m_Index" : "N0",
		"m_Sex" : "Male",
		"m_Religion" : "Zero",
		"m_Age" : 50,
		"m_Height" : 175,
		"m_Home" : 2,
		"m_HomeaArea" : 1,
		"m_AtlasIndex": 0,
		"m_Company" : 1
	},
	"16" : 
	{
		"m_Index" : "N1",
		"m_Sex" : "Male",
		"m_Religion" : "Zero",
		"m_Age" : 50,
		"m_Height" : 175,
		"m_Home" : 1,
		"m_HomeaArea" : 1,
		"m_AtlasIndex": 0,
		"m_Company" : 1
	},
	"17" : 
	{
		"m_Index" : "D9",
		"m_Sex" : "Male",
		"m_Religion" : "Zero",
		"m_Age" : 35,
		"m_Height" : 180,
		"m_Home" : 3,
		"m_HomeaArea" : 1,
		"m_AtlasIndex": 2,
		"m_Company" : 3
	},
	"18" : 
	{
		"m_Index" : "D10",
		"m_Sex" : "Male",
		"m_Religion" : "Zero",
		"m_Age" : 25,
		"m_Height" : 180,
		"m_Home" : 3,
		"m_HomeaArea" : 1,
		"m_AtlasIndex": 2,
		"m_Company" : 3
	},
	"19" : 
	{
		"m_Index" : "D11",
		"m_Sex" : "Male",
		"m_Religion" : "Zero",
		"m_Age" : 25,
		"m_Height" : 180,
		"m_Home" : 3,
		"m_HomeaArea" : 1,
		"m_AtlasIndex": 2,
		"m_Company" : 3
	},
	"20" : 
	{
		"m_Index" : "D12",
		"m_Sex" : "Male",
		"m_Religion" : "Zero",
		"m_Age" : 25,
		"m_Height" : 180,
		"m_Home" : 3,
		"m_HomeaArea" : 1,
		"m_AtlasIndex": 2,
		"m_Company" : 3
	},
	"21" : 
	{
		"m_Index" : "D14",
		"m_Sex" : "Male",
		"m_Religion" : "Zero",
		"m_Age" : 25,
		"m_Height" : 180,
		"m_Home" : 3,
		"m_HomeaArea" : 1,
		"m_AtlasIndex": 2,
		"m_Company" : 3
	},
	"22" : 
	{
		"m_Index" : "A2",
		"m_Sex" : "Male",
		"m_Religion" : "Zero",
		"m_Age" : 25,
		"m_Height" : 180,
		"m_Home" : 3,
		"m_HomeaArea" : 1,
		"m_AtlasIndex": 1,
		"m_Company" : 3
	},
	"23" : 
	{
		"m_Index" : "T1",
		"m_Sex" : "male",
		"m_Religion" : "Zero",
		"m_Age" : 25,
		"m_Height" : 180,
		"m_Home" : 2,
		"m_HomeaArea" : 1,
		"m_AtlasIndex": 2,
		"m_Company" : 3
	},
	"24" : 
	{
		"m_Index" : "D13",
		"m_Sex" : "male",
		"m_Religion" : "Zero",
		"m_Age" : 25,
		"m_Height" : 180,
		"m_Home" : 3,
		"m_HomeaArea" : 1,
		"m_AtlasIndex": 2,
		"m_Company" : 3
	},
	"25" : 
	{
		"m_Index" : "D15",
		"m_Sex" : "male",
		"m_Religion" : "Zero",
		"m_Age" : 25,
		"m_Height" : 180,
		"m_Home" : 3,
		"m_HomeaArea" : 1,
		"m_AtlasIndex": 2,
		"m_Company" : 3
	},
	"26" : 
	{
		"m_Index" : "D16",
		"m_Sex" : "Male",
		"m_Religion" : "Zero",
		"m_Age" : 28,
		"m_Height" : 181,
		"m_Home" : 3,
		"m_HomeaArea" : 1,
		"m_AtlasIndex": 2,
		"m_Company" : 5
	},
	"27" : 
	{
		"m_Index" : "D17",
		"m_Sex" : "Male",
		"m_Religion" : "Zero",
		"m_Age" : 28,
		"m_Height" : 181,
		"m_Home" : 3,
		"m_HomeaArea" : 1,
		"m_AtlasIndex": 2,
		"m_Company" : 5
	},
	"28" : 
	{
		"m_Index" : "D18",
		"m_Sex" : "Male",
		"m_Religion" : "Zero",
		"m_Age" : 28,
		"m_Height" : 181,
		"m_Home" : 3,
		"m_HomeaArea" : 1,
		"m_AtlasIndex": 3,
		"m_Company" : 5
	},
	"29" : 
	{
		"m_Index" : "D19",
		"m_Sex" : "Male",
		"m_Religion" : "Zero",
		"m_Age" : 28,
		"m_Height" : 181,
		"m_Home" : 3,
		"m_HomeaArea" : 1,
		"m_AtlasIndex": 3,
		"m_Company" : 5
	},
	"30" : 
	{
		"m_Index" : "D20",
		"m_Sex" : "Male",
		"m_Religion" : "Zero",
		"m_Age" : 28,
		"m_Height" : 181,
		"m_Home" : 3,
		"m_HomeaArea" : 1,
		"m_AtlasIndex": 3,
		"m_Company" : 5
	},
	"31" : 
	{
		"m_Index" : "D21",
		"m_Sex" : "Male",
		"m_Religion" : "Zero",
		"m_Age" : 28,
		"m_Height" : 181,
		"m_Home" : 3,
		"m_HomeaArea" : 1,
		"m_AtlasIndex": 3,
		"m_Company" : 5
	},
	"32" : 
	{
		"m_Index" : "D22",
		"m_Sex" : "Male",
		"m_Religion" : "Zero",
		"m_Age" : 28,
		"m_Height" : 181,
		"m_Home" : 3,
		"m_HomeaArea" : 1,
		"m_AtlasIndex": 3,
		"m_Company" : 5
	},
	"33" : 
	{
		"m_Index" : "D23",
		"m_Sex" : "Male",
		"m_Religion" : "Zero",
		"m_Age" : 28,
		"m_Height" : 181,
		"m_Home" : 3,
		"m_HomeaArea" : 1,
		"m_AtlasIndex": 3,
		"m_Company" : 5
	},
	"34" : 
	{
		"m_Index" : "D50",
		"m_Sex" : "Male",
		"m_Religion" : "Zero",
		"m_Age" : 28,
		"m_Height" : 181,
		"m_Home" : 3,
		"m_HomeaArea" : 1,
		"m_AtlasIndex": 3,
		"m_Company" : 5
	},
	"35" : 
	{
		"m_Index" : "D51",
		"m_Sex" : "Male",
		"m_Religion" : "Zero",
		"m_Age" : 28,
		"m_Height" : 181,
		"m_Home" : 3,
		"m_HomeaArea" : 1,
		"m_AtlasIndex": 3,
		"m_Company" : 5
	},
	"36" : 
	{
		"m_Index" : "D52",
		"m_Sex" : "Male",
		"m_Religion" : "Zero",
		"m_Age" : 28,
		"m_Height" : 181,
		"m_Home" : 3,
		"m_HomeaArea" : 1,
		"m_AtlasIndex": 3,
		"m_Company" : 5
	},
	"37" : 
	{
		"m_Index" : "D24",
		"m_Sex" : "Male",
		"m_Religion" : "Zero",
		"m_Age" : 35,
		"m_Height" : 180,
		"m_Home" : 3,
		"m_HomeaArea" : 1,
		"m_AtlasIndex": 2,
		"m_Company" : 3
	},
	"38" : 
	{
		"m_Index" : "D53",
		"m_Sex" : "Male",
		"m_Religion" : "Zero",
		"m_Age" : 35,
		"m_Height" : 180,
		"m_Home" : 3,
		"m_HomeaArea" : 1,
		"m_AtlasIndex": 2,
		"m_Company" : 3
	},
	"39" : 
	{
		"m_Index" : "D26",
		"m_Sex" : "Male",
		"m_Religion" : "Zero",
		"m_Age" : 35,
		"m_Height" : 180,
		"m_Home" : 3,
		"m_HomeaArea" : 1,
		"m_AtlasIndex": 2,
		"m_Company" : 3
	},
	"40" : 
	{
		"m_Index" : "D40",
		"m_Sex" : "Male",
		"m_Religion" : "Zero",
		"m_Age" : 35,
		"m_Height" : 180,
		"m_Home" : 3,
		"m_HomeaArea" : 1,
		"m_AtlasIndex": 2,
		"m_Company" : 3
	},
	"41" : 
	{
		"m_Index" : "D41",
		"m_Sex" : "Male",
		"m_Religion" : "Zero",
		"m_Age" : 35,
		"m_Height" : 180,
		"m_Home" : 3,
		"m_HomeaArea" : 1,
		"m_AtlasIndex": 2,
		"m_Company" : 3
	},
	"42" : 
	{
		"m_Index" : "D42",
		"m_Sex" : "Male",
		"m_Religion" : "Zero",
		"m_Age" : 35,
		"m_Height" : 180,
		"m_Home" : 3,
		"m_HomeaArea" : 1,
		"m_AtlasIndex": 2,
		"m_Company" : 3
	},
	"43" : 
	{
		"m_Index" : "D43",
		"m_Sex" : "Male",
		"m_Religion" : "Zero",
		"m_Age" : 35,
		"m_Height" : 180,
		"m_Home" : 3,
		"m_HomeaArea" : 1,
		"m_AtlasIndex": 2,
		"m_Company" : 3
	},
	"44" : 
	{
		"m_Index" : "D44",
		"m_Sex" : "Male",
		"m_Religion" : "Zero",
		"m_Age" : 35,
		"m_Height" : 180,
		"m_Home" : 3,
		"m_HomeaArea" : 1,
		"m_AtlasIndex": 2,
		"m_Company" : 2
	},
	"45" : 
	{
		"m_Index" : "D45",
		"m_Sex" : "Male",
		"m_Religion" : "Zero",
		"m_Age" : 35,
		"m_Height" : 180,
		"m_Home" : 3,
		"m_HomeaArea" : 1,
		"m_AtlasIndex": 2,
		"m_Company" : 2
	}																																																								
}