{
	"Nothing" : 
	{
			"Type" : "None", 
			"Talker" : ["Talker"],			
			"Dialog" : 
			{
				"0" : 
				{
					"Talker" : 0
				}
			}
	},
	"End" : 
	{
		"End_0" : 
		{	
			"Type" : "None", 
			"Talker" : ["Common_Player", "Talker"],		
			"Dialog" : 
			{
				"0":
				{	
					"Talker" : 0
				}
			}
		},
		"End_1" : 
		{	
			"Type" : "None", 
			"Talker" : ["Common_Player", "Talker"],		
			"Dialog" : 
			{
				"0" : 
				{
					"Talker" : 1
				}
			}
		}
	},
	"Richard" : 
	{},
	"Police" : 
	{
		"0" :
		{
			"Type" : "None", 
			"Talker" : ["Common_Player", "Common_Police"],		
			"Dialog" : 
			{
				"0" : 
				{
					"Talker" : 1,
					"Parameter" : ["UserName"]
				},
				"1":
				{	
					"Talker" : 1,
					"Parameter" : ["PatrolLocation"]
				},
				"2":
				{	
					"Talker" : 1,
					"Parameter" : ["Sex", "Race", "Height"]
				}
			}
		},
		"1" :
		{
			"Type" : "None", 
			"Talker" : ["Common_Player", "Common_Police"],		
			"Dialog" : 
			{
				"0" : 
				{
					"Talker" : 1,
					"Parameter" : ["UserName"]
				},
				"1":
				{	
					"Talker" : 1,
					"Parameter" : ["PatrolLocation"]
				}
			}
		}
	},
	"0" : 
	{
		"Lust" : 
		{
			"Teacher" : 
			{
				"Teacher_0" : 
				{
					"0" :
					{
						"Type" : "None", 
						"Talker" : ["Common_Player", "Teacher_0"],		
						"Dialog" : 
						{
							"0" : 
							{
								"Talker" : 1
							},
							"1":
							{		
								"Talker" : 0
							},
							"2":
							{	
								"Talker" : 1
							}
						}
					},
					"1" :
					{
						"Type" : "None", 
						"Talker" : ["Teacher_0"],		
						"Dialog" : 
						{
							"0" : 
							{
								"Talker" : 0
							}
						}
					},
					"00" :
					{
						"Type" : "None", 
						"Talker" : ["Common_Player", "Teacher_0"],		
						"Dialog" : 
						{
							"0" : 
							{
								"Talker" : 1
							},
							"1":
							{	
								"Talker" : 0
							},
							"2":
							{	
								"Talker" : 1
							}
						}		
					},
					"01" :
					{
						"Type" : "None", 
						"Talker" : ["Common_Player", "Teacher_0"],		
						"Dialog" : 
						{
							"0" : 
							{
								"Talker" : 1
							},
							"1":
							{	
								"Talker" : 0
							},
							"2":
							{	
								"Talker" : 1
							}
						}		
					},
					"02" :
					{
						"Type" : "None", 
						"Talker" : ["Common_Player", "Teacher_0"],		
						"Dialog" : 
						{
							"0" : 
							{
								"Talker" : 1
							},
							"1":
							{	
								"Talker" : 0
							},
							"2":
							{	
								"Talker" : 1
							},
							"3" : 
							{
								"Talker" : 0
							},
							"4":
							{	
								"Talker" : 1
							},
							"5":
							{	
								"Talker" : 0
							}
						}		
					},
					"03" :
					{
						"Type" : "None", 
						"Talker" : ["Common_Player", "Teacher_0"],		
						"Dialog" : 
						{
							"0" : 
							{
								"Talker" : 1
							},
							"1":
							{	
								"Talker" : 0
							},
							"2":
							{	
								"Talker" : 1
							}
						}		
					},
					"04" :
					{
						"Type" : "None", 
						"Talker" : ["Common_Player", "Teacher_0"],		
						"Dialog" : 
						{
							"0" : 
							{
								"Talker" : 1
							},
							"1":
							{	
								"Talker" : 0
							},
							"2":
							{	
								"Talker" : 1
							}
						}		
					}
				},
				"Teacher_1" : 
				{
					"0" :
					{
						"Type" : "None", 
						"Talker" : ["Common_Player", "Teacher_1"],		
						"Dialog" : 
						{
							"0" : 
							{
								"Talker" : 1
							},
							"1":
							{	
								"Talker" : 0
							},
							"2":
							{	
								"Talker" : 1
							}
						}
					},
					"1" :
					{
						"Type" : "None", 
						"Talker" : ["Teacher_1"],		
						"Dialog" : 
						{
							"0" : 
							{
								"Talker" : 0
							}
						}
					},
					"00" :
					{
						"Type" : "None", 
						"Talker" : ["Common_Player", "Teacher_1"],		
						"Dialog" : 
						{
							"0" : 
							{
								"Talker" : 1
							},
							"1":
							{	
								"Talker" : 0
							},
							"2":
							{	
								"Talker" : 1
							}
						}
					},
			   		"01" :
			   		{
				 		"Type" : "GetItem",
				 		"Item" : "Evidence", 
				 		"Talker" : ["Common_Player", "Teacher_1"],		
				 		"Dialog" : 
				 		{
							"0" : 
							{
								"Talker" : 1
							},
							"1":
					  		{	
								"Talker" : 0
					  		},
					 		"2":
					 		{	
						  		"Talker" : 1
					 		},
					 		"3":
					 		{	
								"Talker" : 0
					 		},
					 		"4":
					 		{	
								"Talker" : 1
					 		}	
						}	
					},
			   		"02" :
			  		{
						"Type" : "None", 
						"Talker" : ["Common_Player", "Teacher_1"],		
				 		"Dialog" : 
				 		{
							"0" : 
							{
								"Talker" : 1
					 		},
					   		"1":
					   		{	
							"Talker" : 0
				    			},
					    		"2":
					   		{	
						    		"Talker" : 1
					    		}
				    		}
			    		}
		    		}
			},
			"Extra" : 
			{
				"Extra_0" : 
				{
					"2A0" : 
					{
						"Type" : "None", 
						"Talker" : ["Common_Player", "Extra_0"],		
						"Dialog" : 
						{
							"0" : 
							{
								"Talker" : 0
							},
							"1" : 
							{
								"Talker" : 1
							},	
							"2" : 
							{
								"Talker" : 0
							},
							"3" : 
							{
								"Talker" : 1
							},
							"4" : 
							{
								"Talker" : 0
							},
							"5" : 		
							{
								"Talker" : 1
							},
							"6" : 
							{
								"Talker" : 0
							},
							"7" : 		
							{
								"Talker" : 1
							},
							"8" : 
							{
								"Talker" : 0
							}
						}
					}
				}
			},
			"Colleague" : 
			{
				"Colleague_0" : 
				{
					"0" : 
					{
						"Type" : "None", 
						"Talker" : ["Common_Player", "Colleague_0"],		
						"Dialog" : 
						{
							"0" : 
							{
								"Talker" : 0,
								"Parameter" : ["UserName"]
							},	
							"1" : 
							{
								"Talker" : 1
							},
							"2":
							{	
								"Talker" : 0,
								"Parameter" : ["Suspect_0_Name"]
							},
							"3" : 
							{
								"Talker" : 1
							},
							"4":
							{	
								"Talker" : 0
							},
							"5":
							{	
								"Talker" : 1
							},
							"6":
							{	
								"Talker" : 0
							}
						}
					},
					"0A1" : 
					{	
						"Type" : "None",
						"Talker" : ["Common_Player","Colleague_0"],
						"Dialog" : 
						{
							"0":
							{	
								"Talker" : 0
							},
							"1":
							{	
								"Talker"  : 1
							},
							"2":
							{
								"Talker"  : 0
							},
							"3":
							{	
								"Talker"  : 1	
							},
							"4":
							{	
								"Talker"  : 0	
							},
							"5":
							{	
								"Talker"  : 1,	
								"Parameter" : ["Suspect_0_Name"]
							}
						}
					},
					"0B1" : 				
					{
						"Type" : "None",
						"Talker" : ["Common_Player","Colleague_0"],
						"Dialog" : 
						{
							"0":
							{	
								"Talker"  : 1
							},
							"1":
							{	
								"Talker"  : 0
							},
							"2":
							{	
								"Talker"  : 1,	
								"Parameter" : ["Suspect_0_Name"]
							},
							"3":
							{	
								"Talker"  : 0
							}
						}
			
					},
					"0C1" : 
					{	
						"Type" : "None",
						"Talker" : ["Common_Player","Colleague_0"],
						"Dialog" : 
						{
							"0":
							{	
								"Talker"  : 0
							},
							"1":
							{	
								"Talker"  : 1
							},
							"2":
							{
								"Talker"  : 0
							},
							"3":
							{	
								"Talker"  : 1	
							},
							"4":
							{	
								"Talker"  : 0	
							},
							"5":
							{	
								"Talker"  : 1,	
								"Parameter" : ["Suspect_0_Name"]
							}
						}
					}		
				},
				"Colleague_1" : 
				{
					"0" : 
					{
						"Type" : "None", 
						"Talker" : ["Common_Player", "Colleague_1"],		
						"Dialog" : 
						{
							"0" : 
							{
								"Talker" : 0
							},
							"1":
							{	
								"Talker" : 1
							},
							"2" : 
							{
								"Talker" : 0,
								"Parameter" : ["Suspect_1_Name"]
							},
							"3":
							{	
								"Talker" : 1
							},
							"4":
							{	
								"Talker" : 0
							},
							"5":
							{	
								"Talker" : 1
							}
						}
					},
					"0B0" : 
					{	
						"Type" : "None",
						"Talker" : ["Common_Player","Colleague_1"],
						"Dialog" : 
						{
							"0":
							{	
								"Talker"  : 1
							},
							"1":
							{	
								"Talker"  : 0
							},
							"2":
							{
								"Talker"  : 1,
								"Parameter" : ["Suspect_1_Name"]
							},
							"3":
							{	
								"Talker"  : 0,
								"Parameter" : ["Suspect_1_Name"]	
							},
							"4":
							{	
								"Talker"  : 1	
							}
						}
					}	
				},
				"Colleague_2" : 
				{
					"0" : 
					{
						"Type" : "None", 
						"Talker" : ["Common_Player", "Colleague_2"],		
						"Dialog" : 
						{
							"0" : 
							{
								"Talker" : 0
							},
							"1":
							{	
								"Talker" : 1
							},
							"2" : 
							{
								"Talker" : 0,
								"Parameter" : ["Suspect_1_Name"]
							},
							"3":
							{	
								"Talker" : 1
							},
							"4":
							{	
								"Talker" : 0
							},
							"5":
							{	
								"Talker" : 1
							}
						}
					},
					"0B0" : 
					{	
						"Type" : "None",
						"Talker" : ["Common_Player","Colleague_2"],
						"Dialog" : 
						{
							"0":
							{	
								"Talker"  : 1
							},
							"1":
							{	
								"Talker"  : 0
							},
							"2":
							{
								"Talker"  : 1,
								"Parameter" : ["Suspect_1_Name"]
							},
							"3":
							{	
								"Talker"  : 0,
								"Parameter" : ["Suspect_1_Name"]	
							},
							"4":
							{	
								"Talker"  : 1	
							}
						}		
					}	
				},
				"Colleague_3" : 
				{
					"0" : 
					{
						"Type" : "None", 
						"Talker" : ["Common_Player", "Colleague_3"],		
						"Dialog" : 
						{
							"0" : 
							{
								"Talker" : 0
							},
							"1":
							{	
								"Talker" : 1
							},
							"2" : 
							{
								"Talker" : 0,
								"Parameter" : ["Suspect_1_Name"]
							},
							"3":
							{	
								"Talker" : 1
							},
							"4":
							{	
								"Talker" : 0
							},
							"5":
							{	
								"Talker" : 1
							}
						}
					},
					"0B0" : 
					{	
						"Type" : "None",
						"Talker" : ["Common_Player","Colleague_3"],
						"Dialog" : 
						{
							"0":
							{	
								"Talker"  : 1
							},
							"1":
							{	
								"Talker"  : 0
							},
							"2":
							{
								"Talker"  : 1,
								"Parameter" : ["Suspect_1_Name"]
							},
							"3":
							{	
								"Talker"  : 0,
								"Parameter" : ["Suspect_1_Name"]	
							},
							"4":
							{	
								"Talker"  : 1	
							}
						}		
					}		
				},
				"Colleague_4" : 
				{
					"0" : 
					{
						"Type" : "None", 
						"Talker" : ["Common_Player", "Colleague_4"],		
						"Dialog" : 
						{
							"0" : 
							{
								"Talker" : 1
							},
							"1":
							{	
								"Talker" : 0,
								"Parameter" : ["Suspect_2_Name"]
							},
							"2" : 
							{
								"Talker" : 1
							},
							"3":
							{	
								"Talker" : 0
							},
							"4":
							{	
								"Talker" : 1
							},
							"5":
							{	
								"Talker" : 0
							}
						}
					}		
				},
				"Colleague_5" : 
				{
					"0" : 
					{
						"Type" : "None", 
						"Talker" : ["Common_Player", "Colleague_5"],		
						"Dialog" : 
						{
							"0" : 
							{
								"Talker" : 1
							},
							"1" : 
							{
								"Talker" : 0,
								"Parameter" : ["UserName"]
							},	
							"2" : 
							{
								"Talker" : 1
							},
							"3":
							{	
								"Talker" : 0,
								"Parameter" : ["Suspect_3_Name"]
							},
							"4" : 
							{
								"Talker" : 1
							},
							"5":
							{	
								"Talker" : 0
							},
							"6":
							{	
								"Talker" : 1
							},
							"7":
							{	
								"Talker" : 0
							}
						}
					}		
				},
				"Colleague_6" : 
				{
					"0" : 
					{
						"Type" : "None", 
						"Talker" : ["Common_Player", "Colleague_6"],		
						"Dialog" : 
						{
							"0" : 
							{
								"Talker" : 1
							},
							"1" : 
							{
								"Talker" : 0,
								"Parameter" : ["UserName"]
							},	
							"2" : 
							{
								"Talker" : 1
							},
							"3":
							{	
								"Talker" : 0,
								"Parameter" : ["Suspect_3_Name"]
							},
							"4" : 
							{
								"Talker" : 1
							},
							"5":
							{	
								"Talker" : 0
							},
							"6":
							{	
								"Talker" : 1
							},
							"7":
							{	
								"Talker" : 0
							}
						}
					}		
				},
				"Colleague_7" : 
				{
					"0" : 
					{
						"Type" : "None", 
						"Talker" : ["Common_Player", "Colleague_7"],		
						"Dialog" : 
						{
							"0" : 
							{
								"Talker" : 1
							},
							"1" : 
							{
								"Talker" : 0,
								"Parameter" : ["UserName"]
							},	
							"2" : 
							{
								"Talker" : 1
							},
							"3":
							{	
								"Talker" : 0,
								"Parameter" : ["Suspect_4_Name"]
							},
							"4" : 
							{
								"Talker" : 1
							},
							"5":
							{	
								"Talker" : 0
							},
							"6":
							{	
								"Talker" : 1
							},
							"7":
							{	
								"Talker" : 0
							},
							"8" : 
							{
								"Talker" : 1
							},
							"9":
							{	
								"Talker" : 0
							},
							"10":
							{	
								"Talker" : 1
							},
							"11":
							{	
								"Talker" : 0
							}
						}
					}		
				}
			},
			"Suspect":
			{
				"Suspect_0" : 
				{
					"0" : 
					{
						"Type" : "None", 
						"Talker" : ["Common_Player", "Suspect_0"],		
						"Dialog" : 
						{
							"0" : 
							{
								"Talker" : 1
							},	
							"1" : 
							{
								"Talker" : 0,
								"Parameter":["UserName"]
							},
							"2" : 
							{
								"Talker" : 1
							}
						}
					},
					"1" : 
					{
						"Type" : "None", 
						"Talker" : ["Common_Player", "Suspect_0"],		
						"Dialog" : 
						{
							"0" : 
							{
								"Talker" : 0
							},	
							"1" : 
							{
								"Talker" : 1
							}
						}
					},
					"00" : 
					{
						"Type" : "None", 
						"Talker" : ["Common_Player", "Suspect_0"],		
						"Dialog" : 
						{
							"0" : 
							{
								"Talker" : 0
							},	
							"1" : 
							{
								"Talker" : 1
							},
							"2" : 
							{
								"Talker" : 0
							},
							"3" : 
							{
								"Talker" : 1
							},	
							"4" : 
							{
								"Talker" : 0
							},
							"5" : 
							{
								"Talker" : 1
							},
							"6" : 
							{
								"Talker" : 0
							}
						}
					},
					"01" : 
					{
						"Type" : "None", 
						"Talker" : ["Common_Player", "Suspect_0"],		
						"Dialog" : 
						{
							"0" : 
							{
								"Talker" : 0
							},	
							"1" : 
							{
								"Talker" : 1
							},
							"2" : 
							{
								"Talker" : 0
							},
							"3" : 
							{
								"Talker" : 1
							},	
							"4" : 
							{
								"Talker" : 0
							},
							"5" : 
							{
								"Talker" : 1
							},
							"6" : 
							{
								"Talker" : 0
							},
							"7" : 
							{
								"Talker" : 1
							}
						}
					},
					"02" : 
					{
						"Type" : "None", 
						"Talker" : ["Common_Player", "Suspect_0"],		
						"Dialog" : 
						{
							"0" : 
							{
								"Talker" : 0
							},	
							"1" : 
							{
								"Talker" : 1
							},
							"2" : 
							{
								"Talker" : 0
							},
							"3" : 
							{
								"Talker" : 1
							},	
							"4" : 
							{
								"Talker" : 0
							},
							"5" : 
							{
								"Talker" : 1
							},
							"6" : 
							{
								"Talker" : 0
							},
							"7" : 
							{
								"Talker" : 1
							},
							"8" : 
							{
								"Talker" : 0
							}
						}
					},
					"10" : 
					{
						"Type" : "None", 
						"Talker" : ["Common_Player", "Suspect_0"],		
						"Dialog" : 
						{
							"0" : 
							{
								"Talker" : 0
							},	
							"1" : 
							{
								"Talker" : 1
							},
							"2" : 
							{
								"Talker" : 0
							},
							"3" : 
							{
								"Talker" : 1
							},	
							"4" : 
							{
								"Talker" : 0
							},
							"5" : 
							{
								"Talker" : 1
							},
							"6" : 
							{
								"Talker" : 0
							}
						}
					},
					"11" : 
					{
						"Type" : "None", 
						"Talker" : ["Common_Player", "Suspect_0"],		
						"Dialog" : 
						{
							"0" : 
							{
								"Talker" : 0
							},	
							"1" : 
							{
								"Talker" : 1
							},
							"2" : 
							{
								"Talker" : 0
							}
						}
					},
					"12" : 
					{
						"Type" : "None", 
						"Talker" : ["Common_Player", "Suspect_0"],		
						"Dialog" : 
						{
							"0" : 
							{
								"Talker" : 0
							},	
							"1" : 
							{
								"Talker" : 1
							}
						}
					},
					"20" : 
					{
						"Type" : "None", 
						"Talker" : ["Common_Player", "Suspect_0"],		
						"Dialog" : 
						{
							"0" : 
							{
								"Talker" : 0
							},	
							"1" : 
							{
								"Talker" : 1
							},
							"2" : 
							{
								"Talker" : 0
							},
							"3" : 
							{
								"Talker" : 1
							},	
							"4" : 
							{
								"Talker" : 0
							},
							"5" : 
							{
								"Talker" : 1
							},
							"6" : 
							{
								"Talker" : 0
							}
						}
					},
					"21" : 
					{
						"Type" : "None", 
						"Talker" : ["Common_Player", "Suspect_0"],		
						"Dialog" : 
						{
							"0" : 
							{
								"Talker" : 0
							},	
							"1" : 
							{
								"Talker" : 1
							},
							"2" : 
							{
								"Talker" : 0
							}
						}
					},
					"22" : 
					{
						"Type" : "None", 
						"Talker" : ["Common_Player", "Suspect_0"],		
						"Dialog" : 
						{
							"0" : 
							{
								"Talker" : 0
							},	
							"1" : 
							{
								"Talker" : 1
							}
						}
					},
					"30" : 
					{
						"Type" : "None", 
						"Talker" : ["Common_Player", "Suspect_0"],		
						"Dialog" : 
						{
							"0" : 
							{
								"Talker" : 0
							},	
							"1" : 
							{
								"Talker" : 1
							},
							"2" : 
							{
								"Talker" : 0
							},
							"3" : 
							{
								"Talker" : 1
							},	
							"4" : 
							{
								"Talker" : 0
							},
							"5" : 
							{
								"Talker" : 1
							},
							"6" : 
							{
								"Talker" : 0
							}
						}
					},
					"31" : 
					{
						"Type" : "None", 
						"Talker" : ["Common_Player", "Suspect_0"],		
						"Dialog" : 
						{
							"0" : 
							{
								"Talker" : 0
							},	
							"1" : 
							{
								"Talker" : 1
							},
							"2" : 
							{
								"Talker" : 0
							}
						}
					},
					"32" : 
					{
						"Type" : "None", 
						"Talker" : ["Common_Player", "Suspect_0"],		
						"Dialog" : 
						{
							"0" : 
							{
								"Talker" : 0
							},	
							"1" : 
							{
								"Talker" : 1
							}
						}
					},
					"40" : 
					{
						"Type" : "None", 
						"Talker" : ["Common_Player", "Suspect_0"],		
						"Dialog" : 
						{
							"0" : 
							{
								"Talker" : 0
							},	
							"1" : 
							{
								"Talker" : 1
							},
							"2" : 
							{
								"Talker" : 0
							},
							"3" : 
							{
								"Talker" : 1
							},	
							"4" : 
							{
								"Talker" : 0
							},
							"5" : 
							{
								"Talker" : 1
							},
							"6" : 
							{
								"Talker" : 0
							}
						}
					},
					"41" : 
					{
						"Type" : "None", 
						"Talker" : ["Common_Player", "Suspect_0"],		
						"Dialog" : 
						{
							"0" : 
							{
								"Talker" : 0
							},	
							"1" : 
							{
								"Talker" : 1
							},
							"2" : 
							{
								"Talker" : 0
							}
						}
					},
					"42" : 
					{
						"Type" : "None", 
						"Talker" : ["Common_Player", "Suspect_0"],		
						"Dialog" : 
						{
							"0" : 
							{
								"Talker" : 0
							},	
							"1" : 
							{
								"Talker" : 1
							}
						}
					},
					"50" : 
					{
						"Type" : "None", 
						"Talker" : ["Common_Player", "Suspect_0"],		
						"Dialog" : 
						{
							"0" : 
							{
								"Talker" : 0
							},	
							"1" : 
							{
								"Talker" : 1
							},
							"2" : 
							{
								"Talker" : 0
							},
							"3" : 
							{
								"Talker" : 1
							},	
							"4" : 
							{
								"Talker" : 0
							},
							"5" : 
							{
								"Talker" : 1
							},
							"6" : 
							{
								"Talker" : 0
							}
						}
					},
					"51" : 
					{
						"Type" : "None", 
						"Talker" : ["Common_Player", "Suspect_0"],		
						"Dialog" : 
						{
							"0" : 
							{
								"Talker" : 0
							},	
							"1" : 
							{
								"Talker" : 1
							},
							"2" : 
							{
								"Talker" : 0
							}
						}
					},
					"52" : 
					{
						"Type" : "None", 
						"Talker" : ["Common_Player", "Suspect_0"],		
						"Dialog" : 
						{
							"0" : 
							{
								"Talker" : 0
							},	
							"1" : 
							{
								"Talker" : 1
							}
						}
					},
					"60" : 
					{
						"Type" : "None", 
						"Talker" : ["Common_Player", "Suspect_0"],		
						"Dialog" : 
						{
							"0" : 
							{
								"Talker" : 0
							},	
							"1" : 
							{
								"Talker" : 1
							},
							"2" : 
							{
								"Talker" : 0
							},
							"3" : 
							{
								"Talker" : 1
							},	
							"4" : 
							{
								"Talker" : 0
							},
							"5" : 
							{
								"Talker" : 1
							},
							"6" : 
							{
								"Talker" : 0
							}
						}
					},
					"61" : 
					{
						"Type" : "None", 
						"Talker" : ["Common_Player", "Suspect_0"],		
						"Dialog" : 
						{
							"0" : 
							{
								"Talker" : 0
							},	
							"1" : 
							{
								"Talker" : 1
							},
							"2" : 
							{
								"Talker" : 0
							}
						}
					},
					"62" : 
					{
						"Type" : "None", 
						"Talker" : ["Common_Player", "Suspect_0"],		
						"Dialog" : 
						{
							"0" : 
							{
								"Talker" : 0
							},	
							"1" : 
							{
								"Talker" : 1
							}
						}
					},
					"0A0" : 
					{
						"Type" : "None", 
						"Talker" : ["Common_Player", "Suspect_0"],		
						"Dialog" : 
						{
							"0" : 
							{
								"Talker" : 0
							},	
							"1" : 
							{
								"Talker" : 1
							},
							"2" : 
							{
								"Talker" : 0
							},
							"3" : 
							{
								"Talker" : 1
							}
						}
					},
					"0B0" : 
					{
						"Type" : "None", 
						"Talker" : ["Common_Player", "Suspect_0"],		
						"Dialog" : 
						{
							"0" : 
							{
							"Talker" : 0
							},	
							"1" : 
							{
								"Talker" : 1
							}
						}
					
					},
					"1A0" : 
					{
						"Type" : "Event",
						"Event" : "StartEvent1", 
						"Talker" : ["Common_Player", "Suspect_0"],		
						"Dialog" : 
						{
							"0" : 
							{
								"Talker" : 0
							},	
							"1" : 
							{
								"Talker" : 1
							},	
							"2" : 
							{
								"Talker" : 0
							},	
							"3" : 
							{
								"Talker" : 1
							},	
							"4" : 
							{
								"Talker" : 0
							},
							"5" : 		
							{
								"Talker" : 1
							},
							"6" : 
							{
								"Talker" : 0
							},
							"7" : 			
							{
								"Talker" : 1
							},
							"8" : 
							{
								"Talker" : 0
							}
						}
					},
					"1B0" : 
					{
						"Type" : "Event",
						"Event" : "StartEvent1",
						"Talker" : ["Common_Player", "Suspect_0"],		
						"Dialog" : 
						{
								
							"0" : 
							{
								"Talker" : 0
							},
							"1" : 
							{
								"Talker" : 1
							},	
							"2" : 
							{
								"Talker" : 0
							},
							"3" : 
							{
								"Talker" : 1
							},
							"4" : 
							{
								"Talker" : 0
							},
							"5" : 		
							{
								"Talker" : 1
							},		
							"6" : 
							{
								"Talker" : 0
							},
							"7" : 
							{
								"Talker" : 1
							},
							"8" : 
							{
								"Talker" : 0
							}
						}	
					},	
					"2A1" : 
					{
						"Type" : "Event",
						"Event" : "StartEvent2", 
						"Talker" : ["Common_Player", "Suspect_0"],		
						"Dialog" : 
						{
							"0" : 
							{
								"Talker" : 1
							},	
							"1" : 
							{
								"Talker" : 0
							},
							"2" : 
							{
								"Talker" : 1
							},	
							"3" : 
							{
								"Talker" : 0
							},
							"4" : 
							{
								"Talker" : 1
							},
							"5" : 
							{
								"Talker" : 0
							},	
							"6" : 		
							{
								"Talker" : 1
							}
						}	
					}			
				},		
				"Suspect_1" : 
				{
					"0" : 
					{
						"Type" : "None", 
						"Talker" : ["Common_Player", "Suspect_1"],		
						"Dialog" : 
						{
							"0" : 
							{
								"Talker" : 1
							},
							"1" : 
							{
								"Talker" : 0,
								"Parameter" : ["UserName"]
							},
							"2" : 
							{
								"Talker" : 1
							},
							"3" : 
							{
								"Talker" : 0
							
							}		
						}
					},
					"1" : 
					{
						"Type" : "None", 
						"Talker" : ["Common_Player", "Suspect_1"],		
						"Dialog" : 
						{
							"0" : 
							{
								"Talker" : 1
							},
							"1" : 
							{
								"Talker" : 0
							}	
						}
					},
					"00" : 
					{
						"Type" : "None", 
						"Talker" : ["Common_Player", "Suspect_1"],		
						"Dialog" : 
						{
							"0" : 
							{
								"Talker" : 0
							},
							"1" : 
							{
								"Talker" : 1
							}
						}
					},
					"01" : 
					{
						"Type" : "None", 
						"Talker" : ["Common_Player", "Suspect_1"],		
						"Dialog" : 
						{
							"0" : 
							{
								"Talker" : 0
							},
							"1" : 
							{
								"Talker" : 1
							},	
							"2" : 
							{
								"Talker" : 0
							},
							"3" : 
							{
								"Talker" : 1
							},
							"4" : 
							{
								"Talker" : 0
							},
							"5" : 		
							{
								"Talker" : 1
							},
							"6" : 
							{
								"Talker" : 0
							},
							"7" : 		
							{
								"Talker" : 1
							},
							"8" : 
							{
								"Talker" : 0
							},
							"9" : 		
							{
								"Talker" : 1
							},
							"10" : 
							{
								"Talker" : 0
							}
						}
					},
					"02" : 
					{
						"Type" : "None", 
						"Talker" : ["Common_Player", "Suspect_1"],		
						"Dialog" : 
						{
							"0" : 
							{
								"Talker" : 0
							},
							"1" : 
							{
								"Talker" : 1,
								"Parameter" : ["Suspect_1_JobName"]
							},	
							"2" : 
							{
								"Talker" : 0
							},
							"3" : 
							{
								"Talker" : 1
							},
							"4" : 
							{
								"Talker" : 0
							},
							"5" : 		
							{
								"Talker" : 1
							},
							"6" : 
							{
								"Talker" : 0
							}
						}
					},
					"0A0" : 
					{
						"Type" : "None", 
						"Talker" : ["Common_Player", "Suspect_1"],		
						"Dialog" : 
						{
							"0" : 
							{
								"Talker" : 1
							},
							"1" : 
							{
								"Talker" : 0
							},	
							"2" : 
							{
								"Talker" : 1
							}
						}
					}
				},
				"Suspect_2" : 
				{
					"0" : 
					{
						"Type" : "None", 
						"Talker" : ["Common_Player", "Suspect_2"],		
						"Dialog" : 
						{
							"0" : 
							{
								"Talker" : 1
							},
							"1" : 
							{
								"Talker" : 0,
								"Parameter" : ["UserName"]	
							},	
							"2" : 
							{
								"Talker" : 1
							},
							"3" : 
							{
								"Talker" : 0
							}
						}
					},
					"1" : 
					{
						"Type" : "None", 
						"Talker" : ["Common_Player", "Suspect_2"],		
						"Dialog" : 
						{
							"0" : 
							{
								"Talker" : 1
							}
						}
					},
					"00" : 
					{
						"Type" : "None", 
						"Talker" : ["Common_Player", "Suspect_2"],		
						"Dialog" : 
						{
							"0" : 
							{
								"Talker" : 0
							},
							"1" : 
							{
								"Talker" : 1
							}
						}
					},
					"01" : 
					{
						"Type" : "None", 
						"Talker" : ["Common_Player", "Suspect_2"],		
						"Dialog" : 
						{
							"0" : 
							{
								"Talker" : 0
							},
							"1" : 
							{
								"Talker" : 1
							},	
							"2" : 
							{
								"Talker" : 0
							},
							"3" : 
							{
								"Talker" : 1
							},
							"4" : 
							{
								"Talker" : 0
							},
							"5" : 		
							{
								"Talker" : 1
							}
						}
					},
					"02" : 
					{
						"Type" : "None", 
						"Talker" : ["Common_Player", "Suspect_2"],		
						"Dialog" : 
						{
							"0" : 
							{
								"Talker" : 0
							},
							"1" : 
							{
								"Talker" : 1,
								"Parameter" : ["Suspect_2_JobName"]
							},
							"2" : 
							{
								"Talker" : 0
							},
							"3" : 
							{
								"Talker" : 1
							}
						}
					}
				},
				"Suspect_3" : 
				{
					"0" : 
					{
						"Type" : "None", 
						"Talker" : ["Common_Player", "Suspect_3"],		
						"Dialog" : 
						{
							"0" : 
							{
								"Talker" : 1
							},
							"1" : 
							{
								"Talker" : 0,
								"Parameter" : ["UserName"]	
							},	
							"2" : 
							{
								"Talker" : 1
							}
						}
					},
					"1" : 
					{
						"Type" : "None", 
						"Talker" : ["Common_Player", "Suspect_3"],		
						"Dialog" : 
						{
							"0" : 
							{
								"Talker" : 1
							}
						}
					},
					"00" : 
					{
						"Type" : "None", 
						"Talker" : ["Common_Player", "Suspect_3"],		
						"Dialog" : 
						{
							"0" : 
							{
								"Talker" : 0
							},
							"1" : 
							{
								"Talker" : 1
							},	
							"2" : 
							{
								"Talker" : 0
							},
							"3" : 
							{
								"Talker" : 1
							}
						}
					},
					"01" : 
					{
						"Type" : "None", 
						"Talker" : ["Common_Player", "Suspect_3"],		
						"Dialog" : 
						{
							"0" : 
							{
								"Talker" : 0
							},
							"1" : 
							{
								"Talker" : 1
							},	
							"2" : 
							{
								"Talker" : 0
							},
							"3" : 
							{
								"Talker" : 1
							},
							"4" : 
							{
								"Talker" : 0
							},
							"5" : 
							{
								"Talker" : 1
							},	
							"6" : 
							{
								"Talker" : 0
							},
							"7" : 
							{
								"Talker" : 1
							}
						}
					},
					"02" : 
					{
						"Type" : "None", 
						"Talker" : ["Common_Player", "Suspect_3"],		
						"Dialog" : 
						{
							"0" : 
							{
								"Talker" : 0
							},
							"1" : 
							{
								"Talker" : 1
							}
						}
					}
				},
				"Suspect_4" : 
				{
					"0" : 
					{
						"Type" : "None", 
						"Talker" : ["Common_Player", "Suspect_4"],		
						"Dialog" : 
						{
							"0" : 
							{
								"Talker" : 1
							},
							"1" : 	
							{
								"Talker" : 0,
								"Parameter":["UserName"]	
							},	
							"2" : 
							{
								"Talker" : 1
							}
						}
					},	
					"1" : 
					{
						"Type" : "None", 
						"Talker" : ["Common_Player", "Suspect_4"],		
						"Dialog" : 
						{
							"0" : 
							{
								"Talker" : 1
							}
						}
					},
					"00" : 
					{
						"Type" : "None", 
						"Talker" : ["Common_Player", "Suspect_4"],		
						"Dialog" : 
						{
							"0" : 
							{
								"Talker" : 0
							},
							"1" : 
							{
								"Talker" : 1
							},	
							"2" : 
							{
								"Talker" : 0
							},
							"3" : 
							{
								"Talker" : 1
							}
						}
					},
					"01" : 
					{
						"Type" : "None", 
						"Talker" : ["Common_Player", "Suspect_4"],		
						"Dialog" : 
						{
							"0" : 
							{
								"Talker" : 0
							},
							"1" : 
							{
								"Talker" : 1
							}
						}
					},
					"02" : 
					{
						"Type" : "None", 
						"Talker" : ["Common_Player", "Suspect_4"],		
						"Dialog" : 
						{
							"0" : 
							{
								"Talker" : 0
							},
							"1" : 
							{
								"Talker" : 1
							},	
							"2" : 
							{
								"Talker" : 0
							},
							"3" : 
							{
								"Talker" : 1
							}
						}
					}
				}
			},
			"Trigger":
			{	
				
			}	
		
		}
	}
}