{
	"Start": {
		"0": ["Dialog-N0_00", "ChangeNpcState-T1_Missing", "AddNews-2", "AddArea-Home_2"],
		"1": [ "SystemMessage-030" ]
	},

	"Case": {
		"0": {
			"0": ["UnlockDT-0009"],
			"1": [],
			"2": [],
			"4": []
		},
		"1": {
			"0": ["AddSearch-Extra_0"],
			"1": ["AddSelection-D0_04", "AddNews-2", "ChangeNpcState-C2_Dead"],
			"2": ["AddNews-1", "ChangeNpcState-C1_Dead", "AddArea-Extra_1", "AddSearch-Extra_1"]
		}
	},
	"GetItem": {
		"0": {
			"00": ["AddCase-0"],
			"A2": [],
			"A5": ["SystemMessage-009", "AddEvidence-A3"],
			"A6": [],
			"A9": ["Dialog-N0_05"],
			"A10": ["Case-Side_0"],
			"A14": [],
			"A30": ["RemoveEvidence-A11"],
			"A31": ["RemoveEvidence-A11"]
		},
		"1": {
			"10": ["AddCase-3"],
			"A2": ["AddArea-Company_3"],
			"A5": ["SystemMessage-009", "AddEvidence-A3"],
			"A6": ["AddEvidence-A7"],
			"A9": [],
			"A10": ["Case-Side_0"],
			"A14": [],
			"A17": [ "RemoveSelection-D19_01", "RemoveSelection-D19_02","AddSelection-D19_03"],
			"A18": [ "SystemMessage-032" ]
		}
	},

	"Warrant": {
		"A0_0": ["ShowEnding-A0_0", "UnlockDT-0000", "UnlockDT-0001", "UnlockDT-0002", "UnlockDT-0005"],
		"A0_1": ["ShowEnding-A0_1", "UnlockDT-0000", "UnlockDT-0001", "UnlockDT-0005"],
		"A0_2": ["ShowEnding-A0_2", "UnlockDT-0000", "UnlockDT-0005"],
		"A0_3": ["ShowEnding-A0_3"],
		"A1_0": ["ShowEnding-A2_0", "UnlockDT-0000"],
		"A1_1": ["ShowEnding-A2_1", "UnlockDT-0000"],
		"A1_2": ["ShowEnding-A1_2"],
		"A1_3": ["ShowEnding-A1_3"],
		"C0_0": ["ShowEnding-C0_0"],
		"C1_0": ["ShowEnding-C1_0"],
		"C2_0": ["ShowEnding-C1_0"],
		"D1_0": ["ShowEnding-D1_0"],
		"D1_1": ["ShowEnding-D1_1"],
		"D1_2": ["ShowEnding-D1_2"],
		"D9_0": ["Dialog-D13_52"],
		"D13_0": ["Dialog-D13_51"],
		"Bad": ["Dialog-D13_50"]
	},

	"Analysis": {
		"0": {
			"A14": []
		},
		"1": {
			"00": []
		}
	},

	"CasePlace": {
		"0": {
			"0": [],
			"1": [],
			"2": []
		},
		"1": {
			"0": [],
			"1": [],
			"2": []
		}
	},

	"SystemMessage": {
		"001": ["Dialog-N0_01"],
		"002": ["Dialog-N0_02"],
		"003": [],
		"004": ["Dialog-N0_03"],
		"005": [],
		"006": [],
		"007": ["Dialog-N0_04"],
		"008": [],
		"009": ["Dialog-N0_06"],
		"010": ["Dialog-N0_07"],
		"011": ["RemoveSelection-D4_03", "RemoveSelection-D4_11", "AddSelection-D4_04", "SwapEvidence-A0_0", "AddSelection-D14_03", "ShowCompulsion-N0_001"],
		"012": ["ShowCompulsion-D14_001"],
		"013": ["Dialog-N0_21"],
		"014": ["ShowCompulsion-D13_001"],
		"015": ["Dialog-D13_10"],
		"016": ["ShowCompulsion-D3_S0", "AddArea-Company_2"],
		"017": ["ShowCompulsion-D3_S0", "AddArea-Company_2", "AddSelection-D10_01", "AddSelection-D10_03", "AddSelection-D10_50", "AddSelection-D9_23"],
		"018": ["RemoveSelection-A1_18", "RemoveSelection-A1_19", "AddSelection-A1_21", "AddSelection-A1_22", "AddSelection-A1_50"],
		"019": ["AddSelection-D8_31"],
		"020": ["AddSelection-D6_31", "RemoveSelection-D6_33", "RemoveSelection-D8_31"],
		"021": ["AddSelection-D8_33", "RemoveSelection-D8_31"],
		"022": ["AddSelection-D8_00", "AddSelection-D6_00"],
		"023": ["AddSelection-A1_32", "RemoveSelection-A1_03"],
		"024": ["AddSelection-D6_33"],
		"025": ["AddSelection-D9_37", "AddArea-Company_0", "AddSelection-D4_00", "AddSelection-D5_00", "AddArea-Home_0", "AddArea-Home_1", "AddSelection-D2_00", "AddArea-Extra_3", "AddArea-Extra_2", "AddSelection-C0_00", "AddSelection-D2_00", "AddSelection-A0_60", "AddSelection-C2_00", "RemoveSelection-D9_60", "RemoveSelection-D9_61", "RemoveSelection-D9_62", "RemoveSelection-D9_63"],
		"026": ["Dialog-D13_00"],
		"027": ["AddSelection-D2_04"],
		"028": ["AddArea-Company_3", "AddArea-Company_0", "AddSelection-A1_60", "RemoveSelection-A1_20", "AddSelection-D4_00", "AddSelection-D5_00"],
		"029": ["AddArea-Company_3", "AddSearch-Home_0", "AddSearch-Home_1", "AddArea-Extra_3", "AddArea-Extra_2", "AddSelection-A1_60", "RemoveSelection-A1_20", "AddSelection-A0_60", "AddSelection-C0_00", "AddSelection-C2_00", "AddSelection-D2_00"],
		"030": ["Dialog-C1_20" , "AddArea-Extra_1" , "AddSelection-C1_21" ],
		"031": ["ShowCompulsion-C1_S0" ],
		"032": ["Dialog-D21_00" ]
	},
	"Search": {
		"0": {
			"Home_0": [],
			"Home_1": [],
			"Home_2": [],
			"Home_3": [],
			"Home_4": [],
			"Company_0": ["SwapEvidence-A0_0"],
			"Company_2": ["AddArea-Extra_1"],
			"Company_3": [],
			"Company_4": [],
			"Extra_0": [],
			"Extra_1": [],
			"Extra_2": [],
			"Case_0": []
		},
		"1": {
			"Home_0": [],
			"Home_1": [],
			"Home_2": [],
			"Home_3": [],
			"Home_4": [],
			"Company_0": ["SystemMessage-006"],
			"Company_2": ["AddArea-Extra_1"],
			"Company_3": [],
			"Company_4": [],
			"Extra_0": [],
			"Extra_1": [],
			"Extra_2": [],
			"Extra_4": []
		}
	},

	"EndDialog": {
		"N0": {
			"0": {
				"00": [],
				"01": []
			},
			"1": {
				"01": ["SystemMessage-002"],
				"02": ["Dialog-N0_08"]
			}
		},
		"D0": {
			"0": {
				"01": ["SystemMessage-002"],
				"02": ["Dialog-N0_08"]
			},
			"1": {
				"01": ["SystemMessage-002"],
				"02": ["Dialog-N0_08"]
			}
		},
		"D1": {
			"0": {
				"00": ["SystemMessage-012"],
				"01": ["SystemMessage-012"],
				"02": ["SystemMessage-012"]
			},
			"1": {
				"02": ["SystemMessage-007", "AddSearch-Company_3"]
			}
		},
		"A1": {
			"0": {
				"02": ["AddSearch-Company_3"]
			},
			"1": {
				"02": []
			}
		},
		"A2": {
			"0": {},
			"1": {
				"02": ["SystemMessage-007", "AddSearch-Company_3"]
			}
		},
		"D3": {
			"0": {
				"00": [],
				"01": [],
				"50": []
			},
			"1": {}
		},
		"D4": {
			"0": {
				"00": []
			},
			"1": {}
		},
		"D5": {
			"0": {
				"00": [],
				"01": [],
				"03": []
			},
			"1": {}
		},
		"D9": {
			"0": {
				"10": ["SystemMessage-016"],
				"15": ["SystemMessage-016"],
				"16": ["SystemMessage-016"],
				"20": [],
				"99": ["SystemMessage-016"]
			},
			"1": {
				"20": ["SystemMessage-013", "AddArea-Company_0"]
			}
		},
		"D10": {
			"0": {
				"06": ["SystemMessage-017"],
				"07": ["SystemMessage-017"],
				"08": ["SystemMessage-017"]
			},
			"1": {}
		},
		"C1": {
			"0": {},
			"1": {
				"10": [ ],
				"20": [ ],
				"24": [ "SystemMessage-031" ]
			}
		}
	},

	"Dialog": {
		"N0": {
			"0": {
				"00": ["AddArea-Case_0", "AddNpcEvent-D9_0", "AddNpcEvent-D11_0", "AddSelection-D15_00", "AddSelection-D15_01", "AddSelection-D15_50", "SystemMessage-026"],
				"01": [],
				"02": ["SystemMessage-003"],
				"03": ["SystemMessage-005", "SetEvidence-Company_0+A2"],
				"05": ["SystemMessage-008"],
				"09": ["RemoveSelection-D4_03", "RemoveSelection-D4_11", "AddSelection-D4_04", "SwapEvidence-A0"]
			},
			"1": {
				"20": ["AddArea-Case_3", "AddNpcEvent-D9_0", "AddNpcEvent-D10_0", "AddNpcEvent-D11_0"],
				"01": ["AddEvidence-00"],
				"02": ["SystemMessage-003"],
				"03": ["SystemMessage-005", "SetEvidence-Company_0+A2"],
				"05": ["SystemMessage-008"],
				"21": ["SystemMessage-015"]
			}
		},
		"N1": {
			"0": {
				"00": ["AddArea-Extra_0", "AddSelection-D0_00", "SystemMessage-001"],
				"01": ["AddArea-Case_0", "AddArea-Company_0"]
			},
			"1": {
				"00": ["AddArea-Extra_0", "AddSelection-D0_00", "SystemMessage-001"],
				"01": ["AddArea-Case_0", "AddArea-Company_0"]
			}

		},
		"A0": {
			"0": {
				"00": ["RemoveSelection-A0_00", "AddSelection-A0_01", "AddSelection-A0_04", "AddSelection-A0_50"],
				"01": ["RemoveSelection-A0_01", "AddSelection-A0_02"],
				"02": ["RemoveSelection-A0_02", "AddSelection-A0_03"],
				"03": [],
				"04": ["RemoveSelection-A0_04", "AddSelection-A0_05"],
				"05": ["RemoveSelection-A0_05"],
				"50": ["RemoveSelection-A0_50"],
				"60": ["RemoveSelection-A0_60", "AddSelection-A0_61", "AddSelection-A0_04", "AddSelection-A0_50"],
				"61": ["RemoveSelection-A0_61", "AddSelection-A0_62"],
				"62": ["RemoveSelection-A0_02", "AddSelection-A0_63"],
				"63": []
			},
			"1": {

			}

		},
		"A1": {
			"0": {
				"00": ["RemoveSelection-A1_00", "RemoveSelection-A1_20", "AddSelection-A1_01", "AddSelection-A1_03", "AddSelection-A1_02", "AddSelection-A1_50", "RemoveEvidence-A11", "AddEvidence-A31"],
				"01": ["RemoveSelection-A1_01", "AddSelection-A1_02"],
				"02": ["RemoveSelection-A1_02", "AddSelection-A1_04"],
				"03": ["AddArea-Company_4", "SystemMessage-022"],
				"05": [],
				"06": [],
				"10": [],
				"18": [],
				"19": ["RemoveSelection-A1_18", "RemoveSelection-A1_19", "AddSelection-A1_01", "AddSelection-A1_03", "AddSelection-A1_50", "RemoveEvidence-A11", "AddEvidence-A31"],
				"20": ["RemoveSelection-A1_00", "RemoveSelection-A1_20", "AddSelection-A1_18", "AddSelection-A1_19"],
				"21": ["RemoveSelection-A1_21", "RemoveSelection-A1_22", "AddSelection-A1_01", "AddSelection-A1_03"],
				"22": ["RemoveSelection-A1_21", "RemoveSelection-A1_22", "AddSelection-A1_23"],
				"23": ["RemoveSelection-A1_23", "AddSelection-A1_25"],
				"24": ["SystemMessage-018"],
				"25": ["AddSelection-A1_26"],
				"26": ["RemoveSelection-A1_25", "RemoveSelection-A1_26", "AddSelection-A1_29", "AddSelection-A1_27"],
				"27": ["RemoveSelection-A1_27"],
				"31": ["SystemMessage-023"],
				"32": ["RemoveSelection-A1_32", "AddSelection-A1_34", "AddSelection-A1_33"],
				"33": ["RemoveSelection-A1_33"],
				"50": ["RemoveSelection-A1_50"],
				"60": ["RemoveSelection-A1_60", "RemoveSelection-A1_20", "AddSelection-A1_01", "AddSelection-A1_03", "AddSelection-A1_02", "AddSelection-A1_50"],
				"S00": ["AddArea-Home_2", "AddSearch-Home_2", "MissingNpc-A0", "MissingNpc-A1", "MissingNpc-D1"],
				"S01": ["ShowEnding-A1_4"],
				"S02": ["ShowEnding-A1_4"]


			},
			"1": {
				"00": ["AddSelection-A1_02"],
				"03": ["AddArea-Company_4"],
				"S00": ["AddArea-Home_2", "AddSearch-Home_2", "MissingNpc-A0", "MissingNpc-A1", "MissingNpc-D1"],
				"S01": ["GameOver-A1_3"],
				"S02": ["GameOver-A1_3"]
			}

		},
		"A2": {
			"0": {
				"02": ["SystemMessage-011"],
				"03": ["AddSelection-A2_04", "AddSelection-A2_05", "AddArea-Extra_1", "SetEvidence-Extra_1+A10"]
			},
			"1": {
				"02": ["SystemMessage-011"],
				"03": ["AddArea-Extra_1"],
				"20": ["AddSelection-A2_10"]
			}
		},
		"C0": {
			"0": {
				"00": ["RemoveSelection-C0_00", "AddSelection-C0_01", "AddSelection-C0_04", "AddSelection-C0_50"],
				"01": ["RemoveSelection-C0_01", "AddSelection-C0_02", "AddSelection-C0_03"],
				"02": ["RemoveSelection-C0_02", "RemoveSelection-C0_03"],
				"03": ["RemoveSelection-C0_02", "RemoveSelection-C0_03"],
				"04": ["RemoveSelection-C0_04"],
				"50": ["RemoveSelection-C0_50"]
			},
			"1": {
				"02": ["SystemMessage-011"],
				"03": ["AddArea-Extra_1"],
				"20": ["AddSelection-A2_10"]
			}
		},
		"C1": {
			"0": {
				"00": [ ]
			},
			"1": {
				"02": [ ],
				"03": [ ],
				"10": [ "AddSelection-C1_11" , "RemoveSelection-C1_10" ],
				"11": [ "AddArea-Extra_4" , "SetEvidence-Extra_4+A18" , "AddNpcEvent-D19_0" ],
				"20": [ ],
				"21": [ "AddSelection-D16_10" , "AddSelection-C1_22" ,"RemoveSelection-C1_21"], 
				"22": [ "AddArea-Extra_0" , "AddSelection-D18_01" , "AddSelection-D19_00"],
				"23": [ "RemoveSelection-C1_23" , "AddSelection-C1_24"],
				"24": [ "RemoveSelection-C1_24"],
				"30": [ "RemoveSelection-C1_30" , "AddSelection-C1_31" , "AddSelection-C1_32"],
				"31": [ "RemoveSelection-C1_31" , "RemoveSelection-C1_32" , "RemoveSelection-D18_02" ],
				"32": [ "RemoveSelection-C1_31", "RemoveSelection-C1_32" , "RemoveSelection-D18_02" , "AddSelection-D18_10"],
				"S00": [ ],
				"S01": [ "AddArea-Company_1" , "AddSelection-D20_00"]		
			}
		},
		"C2": {
			"0": {
				"00": ["RemoveSelection-C2_00", "AddSelection-C2_01", "AddSelection-C2_02", "AddSelection-C2_50"],
				"01": ["AddSelection-C2_03", "RemoveSelection-C2_01"],
				"02": ["RemoveSelection-C2_02"],
				"03": [],
				"50": ["RemoveSelection-C2_50"]
			},
			"1": {
				"02": ["SystemMessage-011"],
				"03": ["AddArea-Extra_1"],
				"20": ["AddSelection-A2_10"]
			}
		},
		"D0": {
			"0": {
				"00": ["AddSelection-D0_01", "AddNpcEvent-D4_0", "UnlockDT-0013"],
				"10": ["RemoveSelection-D0_00", "RemoveSelection-D0_01", "AddSelection-D0_03", "AddArea-Company_0", "SystemMessage-014"],
				"12": ["AddArea-Extra_2", "SetEvidence-Extra_2+A5", "AddSelection-D0_16"],
				"14": ["AddSelection-D0_15"],
				"16": ["AddSelection-A1_04"],
				"S00": ["AddArea-Extra_2", "SetEvidence-Extra_2+A5"],
				"S01": ["AddArea-Extra_2", "SetEvidence-Extra_2+A5"],
				"S02": ["AddArea-Extra_2", "SetEvidence-Extra_2+A5"]
			},
			"1": {
				"00": ["AddSelection-D0_01", "AddNpcEvent-D4_0"],
				"10": ["RemoveSelection-D0_00", "RemoveSelection-D0_01", "AddSelection-D0_03", "AddArea-Company_0", "AddSearch-Company_0"],
				"12": ["AddArea-Extra_2", "AddSearch-Extra_2"],
				"S00": ["AddArea-Extra_2", "AddSearch-Extra_2"],
				"S01": ["AddArea-Extra_2", "AddSearch-Extra_2"],
				"S02": ["AddArea-Extra_2", "AddSearch-Extra_2"]
			}
		},
		"D1": {
			"0": {
				"05": ["SystemMessage-004"],
				"07": ["AddSelection-A0_02", "ChangeNpcState-D1_Missing"],
				"S00": ["AddArea-Home_3", "AddSearch-Home_3", "MissingNpc-A0", "MissingNpc-A1", "MissingNpc-D1"],
				"S01": ["GameOver-D1_3"],
				"S02": ["GameOver-D1_3"]
			},
			"1": {
				"05": ["SystemMessage-004"],
				"07": ["AddSelection-A0_02"],
				"S00": ["AddArea-Home_3", "AddSearch-Home_3", "MissingNpc-A0", "MissingNpc-A1", "MissingNpc-D1"],
				"S01": ["GameOver-D1_3"],
				"S02": ["GameOver-D1_3"],
				"22": ["AddArea-Company_3"],
				"23": ["AddArea-Company_3"]
			}
		},
		"D2": {
			"0": {
				"00": ["RemoveSelection-D2_00", "AddSelection-D2_01", "AddSelection-D2_03", "AddSelection-D2_50"],
				"01": ["RemoveSelection-D2_01"],
				"02": ["RemoveSelection-D2_03", "SystemMessage-027"],
				"03": [],
				"04": ["RemoveSelection-D2_00", "RemoveSelection-D2_02"],
				"50": ["RemoveSelection-D2_50"]
			},
			"1": {
				"01": ["AddSelection-D2_21"],
				"02": []
			}
		},
		"D3": {
			"0": {
				"00": ["RemoveSelection-D3_00"],
				"01": ["RemoveSelection-D3_01"],
				"02": ["RemoveSelection-D3_02"],
				"10": ["RemoveSelection-D3_10"],
				"11": ["RemoveSelection-D3_11"],
				"50": ["RemoveSelection-D3_50", "AddSelection-D3_00"],
				"S0": [],
				"S00": ["AddSelection-A1_20", "AddEvidence-A11", "AddSelection-D3_10", "AddSelection-D3_01", "AddSelection-D3_50"],
				"S01": ["AddSelection-D3_15", "AddSelection-D3_11", "RemoveSelection-D3_12", "RemoveSelection-D3_13", "RemoveSelection-D3_14", "AddSelection-D3_02", "AddSelection-D3_50", "RemoveSelection-A1_00", "AddSelection-A1_60"],
				"S02": ["AddSelection-D3_15", "AddSelection-D3_11", "RemoveSelection-D3_12", "RemoveSelection-D3_13", "RemoveSelection-D3_14", "AddSelection-D3_02", "AddSelection-D3_50", "RemoveSelection-A1_00", "AddSelection-A1_60"]
			},
			"1": {
				"01": ["AddSelection-D3_11"]
			}
		},
		"D4": {
			"0": {
				"00": ["RemoveSelection-D4_00", "AddSelection-D4_01", "AddSelection-D4_02", "AddSelection-D4_50"],
				"01": ["RemoveSelection-D4_01", "AddSelection-D4_08", "AddSelection-D6_10"],
				"02": ["RemoveSelection-D4_02", "AddSelection-D4_03"],
				"03": ["RemoveSelection-D4_03", "AddSelection-D4_04", "AddSelection-D4_05"],
				"04": [],
				"05": [],
				"06": ["RemoveSelection-D4_01", "AddSelection-D4_07"],
				"07": ["RemoveSelection-D4_07", "AddSelection-D4_08"],
				"08": ["RemoveSelection-D4_08", "AddSelection-D4_09", "AddSelection-D4_10"],
				"09": ["RemoveSelection-D4_10", "RemoveSelection-D4_09"],
				"10": ["RemoveSelection-D4_10", "RemoveSelection-D4_09", "AddArea-Company_4"],
				"11": [],
				"13": [],
				"50": ["RemoveSelection-D4_50"]
			},
			"1": {
				"03": ["AddSelection-D4_11"],
				"21": ["AddArea-Company_1", "AddArea-Company_2"],
				"22": ["AddSelection-D4_23"],
				"23": ["AddArea-Company_2"],
				"11": ["AddEvidence-A0"]
			}
		},
		"D5": {
			"0": {
				"00": ["RemoveSelection-D5_00", "AddSelection-D5_01", "AddSelection-D5_02", "AddSelection-D5_03", "AddSelection-D5_50"],
				"01": ["RemoveSelection-D5_01"],
				"02": ["RemoveSelection-D5_02"],
				"03": [],
				"50": ["RemoveSelection-D5_50"],
				"04": ["Dialog-N0_09", "SwapEvidence-A14_0"]
			},
			"1": {
				"01": ["AddSelection-D5_13"],
				"20": ["AddArea-Company_5"],
				"04": []
			}
		},
		"D6": {
			"0": {
				"00": ["RemoveSelection-D6_00", "AddSelection-D6_02", "AddSelection-D6_50"],
				"01": ["RemoveSelection-D6_01"],
				"02": ["RemoveSelection-D6_02"],
				"10": ["RemoveSelection-D6_10", "AddSelection-D6_11", "AddSelection-D6_20"],
				"11": ["RemoveSelection-D6_11", "AddSelection-D6_12"],
				"12": ["RemoveSelection-D6_12", "AddSelection-D6_13"],
				"13": ["RemoveSelection-D6_13"],
				"30": ["SystemMessage-020"],
				"32": ["SystemMessage-024"],
				"33": [],
				"50": ["RemoveSelection-D6_50"]
			},
			"1": {
				"01": ["AddSelection-D6_05"]
			}
		},
		"D7": {
			"0": {},
			"1": {}
		},
		"D8": {
			"0": {
				"00": ["RemoveSelection-D8_00", "AddSelection-D8_02", "AddSelection-D8_50"],
				"02": ["RemoveSelection-D8_02"],
				"30": ["SystemMessage-019"],
				"31": [],
				"32": ["SystemMessage-021"],
				"33": ["RemoveSelection-D8_33", "RemoveSelection-D8_31", "AddSelection-D8_34"],
				"50": ["RemoveSelection-D8_50"]
			},
			"1": {
				"00": ["AddSelection-D8_01", "RemoveSelection-D8_00"]
			}
		},
		"D9": {
			"0": {
				"00": ["RemoveSelection-D15_00", "RemoveSelection-D9_00", "RemoveSelection-D9_20", "AddSelection-D9_09", "AddSelection-D9_02", "AddSelection-D9_06", "AddSelection-D9_17", "AddSelection-D9_07", "AddEvidence-00", "SetEvidence-Case_0+A0", "SetEvidence-Case_0+01", "SetEvidence-Case_0+02", "SetEvidence-Case_0+A6"],
				"09": ["RemoveSelection-D9_09", "AddSelection-D9_03"],
				"02": ["RemoveSelection-D9_02", "AddSelection-D9_04", "AddSelection-D9_05"],
				"03": ["RemoveSelection-D9_03"],
				"04": ["RemoveSelection-D9_04"],
				"05": ["RemoveSelection-D9_05"],
				"06": ["RemoveSelection-D9_06"],
				"07": ["RemoveSelection-D9_09", "RemoveSelection-D9_02", "RemoveSelection-D9_03", "RemoveSelection-D9_04", "RemoveSelection-D9_05", "RemoveSelection-D9_06", "RemoveSelection-D9_07", "RemoveSelection-D9_17", "AddSelection-D9_08", "AddSelection-D9_18", "AddEvidence-A2", "AddEvidence-A3"],
				"08": ["RemoveSelection-D9_08", "AddSelection-D9_10", "AddSelection-D9_11"],
				"10": ["RemoveSelection-D9_10", "RemoveSelection-D9_11", "AddNpcEvent-D9_1", "AddNpcEvent-D10_0", "AddArea-Company_3", "SetEvidence-Company_3+A16", "AddArea-Home_4", "AddSelection-A1_00", "AddSelection-D9_60", "AddSelection-D9_22", "AddSelection-D10_00", "AddSelection-D10_01", "AddSelection-D10_03", "AddSelection-D10_50", "AddSelection-D3_12"],
				"11": ["RemoveSelection-D9_10", "RemoveSelection-D9_11", "RemoveSelection-D9_12", "AddSelection-D9_12", "AddSelection-D9_13", "AddSelection-D9_14"],
				"12": ["RemoveSelection-D9_12", "RemoveSelection-D9_13", "RemoveSelection-D9_14", "AddSelection-D9_15", "AddSelection-D9_16"],
				"13": ["RemoveSelection-D9_12", "RemoveSelection-D9_13", "RemoveSelection-D9_14", "AddSelection-D9_15", "AddSelection-D9_16"],
				"14": ["RemoveSelection-D9_12", "RemoveSelection-D9_13", "RemoveSelection-D9_14", "AddSelection-D9_15", "AddSelection-D9_16"],
				"15": ["RemoveSelection-D9_15", "RemoveSelection-D9_16", "AddNpcEvent-D10_0", "AddNpcEvent-D9_1", "AddArea-Company_0", "AddArea-Home_4", "AddSelection-D4_00", "AddSelection-D5_00", "AddSelection-D9_61", "AddSelection-D9_22", "AddSelection-D10_00", "AddSelection-D10_01", "AddSelection-D10_03", "AddSelection-D10_50", "AddSelection-D3_13"],
				"16": ["RemoveSelection-D9_15", "RemoveSelection-D9_16", "AddNpcEvent-D10_0", "AddNpcEvent-D9_1", "AddArea-Home_0", "AddArea-Home_4", "AddArea-Home_1", "AddSelection-D2_00", "AddSelection-D2_00", "AddArea-Extra_2", "AddArea-Extra_3", "AddArea-Extra_5", "AddSelection-C0_00", "AddSelection-A0_00", "AddSelection-C2_00", "AddSelection-D9_62", "AddSelection-D9_22", "AddSelection-D10_00", "AddSelection-D10_01", "AddSelection-D10_03", "AddSelection-D10_50", "AddSelection-D3_14"],
				"17": ["RemoveSelection-D9_17"],
				"18": ["RemoveSelection-D9_18", "AddSelection-D10_02", "RemoveSelection-D10_03"],
				"20": ["RemoveSelection-D15_00", "RemoveSelection-D9_20", "RemoveSelection-D10_00", "AddSelection-D10_40", "RemoveSelection-D9_00", "AddNpcEvent-D10_0", "AddNpcEvent-D9_1", "SetEvidence-Case_0+A0", "SetEvidence-Case_0+01", "SetEvidence-Case_0+02", "SetEvidence-Case_0+A6", "AddEvidence-00", "AddEvidence-A2", "AddEvidence-A3", "AddArea-Home_4", "AddSelection-D9_63"],
				"22": ["RemoveSelection-D9_22"],
				"23": ["RemoveSelection-D9_23"],
				"36": ["RemoveSelection-D9_36", "SystemMessage-025"],
				"38": ["SystemMessage-028"],
				"39": ["SystemMessage-029"]
			},
			"1": {
				"20": ["AddEvidence-10"]
			}
		},
		"D10": {
			"0": {
				"00": ["RemoveSelection-D10_00"],
				"01": ["RemoveSelection-D10_01", "AddSelection-D10_04"],
				"02": ["RemoveSelection-D10_02"],
				"03": ["RemoveSelection-D10_03"],
				"05": ["RemoveSelection-D10_05", "AddSelection-D10_06", "AddSelection-D10_07", "AddSelection-D10_08"],
				"06": ["RemoveSelection-D10_06", "RemoveSelection-D10_08", "RemoveSelection-D10_07", "AddArea-Company_3", "AddSelection-A1_00", "AddSelection-D3_12"],
				"07": ["RemoveSelection-D10_06", "RemoveSelection-D10_08", "RemoveSelection-D10_07", "AddArea-Company_3", "AddSelection-A1_00", "AddSelection-D3_12"],
				"08": ["RemoveSelection-D10_06", "RemoveSelection-D10_08", "RemoveSelection-D10_07", "AddArea-Home_0", "AddArea-Home_1", "AddSelection-D2_00", "AddArea-Extra_2", "AddArea-Extra_3", "AddArea-Extra_5", "AddSelection-C0_00", "AddSelection-A0_00", "AddSelection-C2_00", "AddSelection-D3_14"],
				"40": ["RemoveSelection-D10_40", "AddSelection-D10_05"],
				"32": ["RemoveSelection-D10_02"],
				"50": ["RemoveSelection-D10_50"]
			},
			"1": {
				"00": ["AddSelection-D8_01", "RemoveSelection-D8_00"]
			}
		},
		"D13": {
			"0": {
				"00": ["AddArea-Home_4", "AddSelection-D13_01", "AddSelection-D13_60"],
				"50": ["ShowEnding-Bad"],
				"60": ["RemoveSelection-D13_60"]
			},
			"1": {
				"50": ["ShowEnding-Bad"]
			}

		},
		"D14": {
			"0": {
				"S00": ["AddArea-Extra_3"],
				"S01": ["AddArea-Extra_3"],
				"S02": ["AddArea-Extra_3"],
				"00": ["AddSelection-D14_03"],
				"01": ["AddSelection-D14_03"]
			},
			"1": {
				"00": []
			}
		},
		"D15": {
			"0": {
				"00": ["RemoveSelection-D15_00"],
				"01": [],
				"03": ["RemoveSelection-D15_03"],
				"50": ["RemoveSelection-D15_50", "AddSelection-D15_03"]
			},
			"1": {
				"00": ["AddSelection-D15_01"]
			}
		},
		"D16": {
			"0": {
				"00": [ ]
			},
			"1": {
				"10": [ "AddSelection-D16_11" , "AddSelection-D16_20" , "RemoveSelection-D16_10"],
				"11": [ "AddSelection-D16_12" , "AddSelection-D17_10" , "RemoveSelection-D16_11"]
			}
		},
		"D17": {
			"0": {
				"00": [ ]
			},
			"1": {
				"10": [ ],
				"11": [ ]
			}
		},
		"D18": {
			"0": {
				"00": [ ]
			},
			"1": {
				"01": [ "RemoveSelection-D18_01" , "AddSelection-D18_02" ,  "RemoveSelection-C1_22" ],
				"02": [ "AddSelection-C1_23"],
				"10": [ "RemoveSelection-D18_10" , "RemoveSelection-D18_11" , "AddSelection-C1_10" ]
			}
		},
		"D19": {
			"0": {
				"00": [ ]
			},
			"1": {
				"00": [ "RemoveSelection-D19_00", "AddSelection-D19_01"  ],
				"01": [ "AddSelection-D19_02" ],
				"02": [ "SetEvidence-Extra_1+A17"],
				"10": [ "AddNpcEvent-D18_0" ]
			}
		},
		"D20": {
			"0": {
				"00": [ ]
			},
			"1": {
				"00": [ "RemoveSelection-D20_00", "AddSelection-D20_01"  ],
				"01": [ "RemoveSelection-D20_01", "AddSelection-D20_02" ],
				"02": [ "AddSelection-C1_30" ]
			}
		},
		"D21": {
			"0": {
				"00": [ ]
			},
			"1": {
				"00": [ "AddArea-Company_5" , "AddSelection-D21_01" ,"RemoveSelection-D21_00" ],
				"01": [ "AddSelection-D21_02" ,"RemoveSelection-D21_01" ],
				"02": [ "AddSelection-D21_03" ,"RemoveSelection-D21_02" ],
				"03": [ "AddSelection-D21_04" ,"RemoveSelection-D21_03" ],
				"04": [ "AddSelection-D21_05" ,"RemoveSelection-D21_04" ],
				"05": [ "AddSelection-D21_06" ,"RemoveSelection-D21_05" ],
				"06": [ "AddSelection-D21_07" ,"RemoveSelection-D21_06" ],
				"07": [ "RemoveSelection-D21_07", "AddSelection-D21_08" , "AddSelection-D21_09"  ],
				"08": [ "AddNpcEvent-D22_0" , "AddNpcEvent-D23_0" , "RemoveSelection-D21_08" , "RemoveSelection-D21_09" , "AddEvidence-A19", "AddEvidence-A20" , "AddEvidence-A21"],
				"09": [ "RemoveSelection-D21_08" , "RemoveSelection-D21_09", "AddSelection-D21_08" , "AddSelection-D21_11" ],
				"10": [ ],
				"11": [ "ShowEnding-A1_5" ]
			}
		},
		"D22": {
			"0": {
				"00": [ ]
			},
			"1": {
				"00": [ "AddEvidence-A30" , "AddEvidence-A31" , "AddEvidence-A32" ],
				"01": [ "AddEvidence-A33" , "AddEvidence-A34" , "AddEvidence-A35" ],
				"02": [ "AddEvidence-A36" , "AddEvidence-A37" , "AddEvidence-A38" ]
			}
		},
		"D23": {
			"0": {
				"00": [ ]
			},
			"1": {
				"20": [ "AddEvidence-A50" , "AddEvidence-A51" , "AddEvidence-A52" , "AddEvidence-A53" ],
				"21": [ "AddEvidence-A54"],
				"23": [ "AddEvidence-A55" , "AddEvidence-A56" ]
			}
		}
	}
}