﻿{
	"Common" : 
	{
		"Player"
		{
			"Atlas" : 0
		}	
	},
	"Suspect" :
	{
		"0" : 
		{
			"Atlas" : 1
		},
		"1" : 
		{
			"Atlas" : 1
		},
		"2" : 
		{	
			"Atlas" : 1
		},
		"3" : 
		{
			"Atlas" : 1
		},
		"4" : 
		{	
			"Atlas" : 1
		}
	},
	"Teacher" : 
	{
		"0" : 
		{
			"Atlas" : 1
		},
		"1" : 
		{
			"Atlas" : 1
		}
	},
	"Colleague" : 
	{
		"0" : 
		{
			"Atlas" : 1
		},
		"1" : 
		{
			"Atlas" : 1
		},
		"2" : 
		{	
			"Atlas" : 1
		},
		"3" : 
		{
			"Atlas" : 1
		},
		"4" : 
		{	
			"Atlas" : 1
		},
		"5" : 
		{	
			"Atlas" : 1
		},
		"6" : 
		{
			"Atlas" : 1
		},
		"7" : 
		{	
			"Atlas" : 1
		}		
	},
	"Extra" : 
	{
		"0" : 
		{
			"Atlas" : 2
		},
		"1" : 
		{
			"Atlas" : 2
		},
		"2" : 
		{	
			"Atlas" : 2
		},
		"3" : 
		{
			"Atlas" : 2
		},
		"4" : 
		{	
			"Atlas" : 2
		},
		"5" : 
		{	
			"Atlas" : 2
		},
		"6" : 
		{
			"Atlas" : 2
		},
		"7" : 
		{	
			"Atlas" : 2
		}
	}
}