{	
	"N0" : 
	{
		"0" : 
		{
			"m_Index" : "Event001",
			"m_Type" : "CompulsionSelection",
			"m_DialogIndex" : "S0",
			"m_Selection" : ["0", "1"],
			"m_Event" : ["Dialog-D1_S00","Dialog-D1_S01", "Dialog-D1_S02"]
		}
	},
	"A0" : 
	{
		"0" : 
		{
			"m_Index" : "Evidence_Stage0_Main_A35",
			"m_DialogIndex" : "10"
		},
		"1" : 
		{
			"m_Index" : "Dialog_Stage0_Main_C2_03",
			"m_DialogIndex" : "10"
		},
		"2" : 
		{
			"m_Index" : "Dialog_Stage0_Main_A1_41",
			"m_DialogIndex" : "26"
		},
		"3" : 
		{
			"m_Index" : "Evidence_Stage0_Main_A63",
			"m_DialogIndex" : "26"
		}
	},
	"A1" : 
	{
		"0" : 
		{
			"m_Index" : "Dialog_Stage0_Main_D9_08",
			"m_DialogIndex" : "05"
		},
		"1" : 
		{
			"m_Index" : "Dialog_Stage0_Main_D9_10",
			"m_DialogIndex" : "06"
		},
		"2" :
		{
			"m_Index" : "Evidence_Stage0_Main_A6",
			"m_DialogIndex" : "10"
		},
		"3" : 
		{
			"m_Index" : "Dialog_Stage0_Main_D9_03",
			"m_DialogIndex" : "10"
		},
		"4" : 
		{
			"m_Index" : "Evidence_Stage0_Main_A11",
			"m_DialogIndex" : "24"
		},
		"5" : 
		{
			"m_Index" : "Evidence_Stage0_Main_A0",
			"m_DialogIndex" : "28"
		},
		"6" : 
		{
			"m_Index" : "Evidence_Stage0_Main_A4",
			"m_DialogIndex" : "28"
		},
		"7" : 
		{
			"m_Index" : "Dialog_Stage0_Main_D6_30",
			"m_DialogIndex" : "30"
		},
		"8" : 
		{
			"m_Index" : "Dialog_Stage0_Main_D8_33",
			"m_DialogIndex" : "31"
		},
		"9" : 
		{
			"m_Index" : "Evidence_Stage0_Main_A32",
			"m_DialogIndex" : "31"
		},
		"10" : 
		{
			"m_Index" : "Evidence_Stage0_Main_A31",
			"m_DialogIndex" : "17"
		},
		"11" : 
		{
			"m_Index" : "Dialog_Stage0_Main_A0_01",
			"m_DialogIndex" : "35"
		},
		"12" : 
		{
			"m_Index" : "Evidence_Stage0_Main_A25",
			"m_DialogIndex" : "02"
		},
		"13" : 
		{
			"m_Index" : "Evidence_Stage0_Main_A20",
			"m_DialogIndex" : "28"
		},
		"14" : 
		{
			"m_Index" : "Evidence_Stage0_Main_A18",
			"m_DialogIndex" : "10"
		},
		"15" : 
		{
			"m_Index" : "Evidence_Stage0_Main_A29",
			"m_DialogIndex" : "40"
		},
		"16" : 
		{
			"m_Index" : "Evidence_Stage0_Main_A34",
			"m_DialogIndex" : "35"
		},
		"17" : 
		{
			"m_Index" : "Evidence_Stage0_Main_A36",
			"m_DialogIndex" : "36"
		},
		"18" : 
		{
			"m_Index" : "Evidence_Stage0_Main_A54",
			"m_DialogIndex" : "32"
		},
		"19" : 
		{
			"m_Index" : "Evidence_Stage0_Main_A53",
			"m_DialogIndex" : "40"
		},
		"20" : 
		{
			"m_Index" : "Event001",
			"m_Type" : "CompulsionSelection",
			"m_DialogIndex" : "S0",
			"m_Selection" : ["0", "1", "2"],
			"m_Event" : ["Dialog-A1_S00","Dialog-A1_S01", "Dialog-A1_S02", "Dialog-A1_S03"]
		}
	},		
	"A2" : 
	{
		"0" : 
		{
			"m_Index" : "Dialog_Stage0_Main_D5_02",	
			"m_DialogIndex" : "01"
		},
		"1" : 
		{
			"m_Index" : "Evidence_Stage0_Main_A15",
			"m_DialogIndex" : "02"
		},
		"2" : 
		{
			"m_Index" : "Evidence_Stage0_Main_A16",
			"m_DialogIndex" : "03"
		},
		"3" : 
		{
			"m_Index" : "Dialog_Stage0_Main_D14_03",	
			"m_DialogIndex" : "03"
		},
		"4" : 
		{
			"m_Index" : "Dialog_Stage0_Main_D5_20",	
			"m_DialogIndex" : "20"
		}
	},			
	"C0" : 
	{
		"0" : 
		{
			"m_Index" : "Evidence_Stage0_Main_A35",	
			"m_DialogIndex" : "10"
		},
		"1" : 
		{
			"m_Index" : "Evidence_Stage0_Main_A56",	
			"m_DialogIndex" : "11"
		},
		"2" : 
		{
			"m_Index" : "Dialog_Stage0_Main_A1_39",	
			"m_DialogIndex" : "11"
		}
	},			
	"C1" : 
	{
		"0" : 
		{
			"m_Index" : "Dialog_Stage0_Main_D4_21",	
			"m_DialogIndex" : "20"
		},
		"1" : 
		{
			"m_Index" : "Dialog_Stage0_Main_D2_00",	
			"m_DialogIndex" : "20"
		},
		"2" : 
		{
			"m_Index" : "Event001",
			"m_Selection" : ["0", "1", "2"],
			"m_DialogIndex" : "S0",
			"m_Type" : "CompulsionSelection",
			"m_Event" : ["Dialog-C1_S00","Dialog-C1_S01", "Dialog-C1_S02", "Dialog-C1_S03"]
		}
	},	
	"D0" : 
	{
		"0" : 
		{
			"m_Index" : "Dialog_Stage0_Main_D4_02",
			"m_Selection" : ["0", "1"],
			"m_DialogIndex" : "S0",
			"m_Type" : "CompulsionSelection",
			"m_Event" : ["Dialog-D0_S00","Dialog-D0_S01", "Dialog-D0_S02"]
		},
		"1" : 
		{
			"m_Index" : "Evidence_Stage0_Main_00",
			"m_DialogIndex" : "10"
		},
		"2" : 
		{
			"m_Index" : "Evidence_Stage0_Main_A6",
			"m_DialogIndex" : "11"
		},
		"3" : 
		{
			"m_Index" : "Evidence_Stage0_Main_A8",
			"m_DialogIndex" : "11"
		},
		"4" : 
		{
			"m_Index" : "Evidence_Stage0_Main_A10",
			"m_DialogIndex" : "13"
		},
		"5" : 
		{
			"m_Index" : "Evidence_Stage0_Main_A3",
			"m_DialogIndex" : "14"
		},
		"6" : 
		{
			"m_Index" : "Dialog_Stage0_Main_D9_00",
			"m_DialogIndex" : "10"
		}
	},
	"D1" : 
	{
		"0" : 
		{
			"m_Index" : "Evidence_Stage0_Main_A10",
			"m_DialogIndex" : "07"
		},
		"1" : 
		{
			"m_Index" : "Dialog_Stage0_Main_D4_00",
			"m_DialogIndex" : "04"
		},
		"2" : 
		{
			"m_Index" : "Dialog_Stage0_Main_D5_03",
			"m_DialogIndex" : "05"
		},
		"3" : 
		{
			"m_Index" : "Evidence_Stage0_Main_A2",
			"m_DialogIndex" : "06"
		},
		"4" : 
		{
			"m_Index" : "Evidence_Stage0_Main_A3",
			"m_DialogIndex" : "08"
		},
		"5" : 
		{
			"m_Index" : "Dialog_Stage0_Main_D5_13",
			"m_DialogIndex" : "23"
		}
	},	
	"D2" : 
	{
		"0" : 
		{
			"m_Index" : "Evidence_Stage0_Main_A27",
			"m_DialogIndex" : "05"
		},
		"1" : 
		{
			"m_Index" : "Evidence_Stage0_Main_A35",
			"m_DialogIndex" : "02"
		}
	},	
	"D3" : 
	{
		"0" : 
		{
			"m_Index" : "Event001",
			"m_Type" : "CompulsionSelection",
			"m_DialogIndex" : "S0",
			"m_Selection" : ["0", "1"],
			"m_Event" : ["Dialog-D3_S00","Dialog-D3_S01", "Dialog-D3_S02"]
		}
	},
	"D4" : 
	{
		"0" : 
		{
			"m_Index" : "Dialog_Stage0_Main_D5_03",
			"m_DialogIndex" : "11"
		},
		"1" : 
		{
			"m_Index" : "Dialog_Stage0_Main_D6_06",
			"m_DialogIndex" : "06"
		},
		"2" : 
		{
			"m_Index" : "Evidence_Stage0_Main_A64",
			"m_DialogIndex" : "12"
		}
	},		
	"D5" : 
	{
		"0" : 
		{
			"m_Index" : "Evidence_Stage0_Main_A14",
			"m_DialogIndex" : "06"		
		},
		"1" : 
		{
			"m_Index" : "Evidence_Stage0_Main_A64",
			"m_DialogIndex" : "05"
		},
		"2" : 
		{
			"m_Index" : "Event001",
			"m_Selection" : ["0", "1"],
			"m_DialogIndex" : "S0",
			"m_Type" : "CompulsionSelection",
			"m_Event" : ["Dialog-D5_S00","Dialog-D5_S01", "Dialog-D5_S02"]
		}
	},	
	"D6" : 
	{
		"0" : 
		{
			"m_Index" : "Dialog_Stage0_Main_A1_03",
			"m_DialogIndex" : "30"		
		},
		"1" : 
		{
			"m_Index" : "Dialog_Stage0_Main_D8_31",
			"m_DialogIndex" : "30"
		},
		"2" : 
		{
			"m_Index" : "Evidence_Stage0_Main_A27",
			"m_DialogIndex" : "30"
		},
		"3" : 
		{
			"m_Index" : "Evidence_Stage0_Main_A28",
			"m_DialogIndex" : "30"
		},
		"4" : 
		{
			"m_Index" : "Evidence_Stage0_Main_A29",
			"m_DialogIndex" : "35"
		},
		"5" : 
		{
			"m_Index" : "Evidence_Stage0_Main_A32",
			"m_DialogIndex" : "34"
		},
		"6" : 
		{
			"m_Index" : "Dialog_Stage0_Main_D4_01",
			"m_DialogIndex" : "07"
		},
		"7" : 
		{
			"m_Index" : "Dialog_Stage0_Main_A1_73",
			"m_DialogIndex" : "30"		
		},
		"8" : 
		{
			"m_Index" : "Evidence_Stage0_Main_A51",
			"m_DialogIndex" : "30"
		},
		"9" : 
		{
			"m_Index" : "Evidence_Stage0_Main_A52",
			"m_DialogIndex" : "30"
		},
		"10" : 
		{
			"m_Index" : "Evidence_Stage0_Main_A53",
			"m_DialogIndex" : "35"
		},
		"11" : 
		{
			"m_Index" : "Evidence_Stage0_Main_A54",
			"m_DialogIndex" : "34"
		},
		"12" : 
		{
			"m_Index" : "Evidence_Stage0_Main_A60",
			"m_DialogIndex" : "07"
		},
		"13" : 
		{
			"m_Index" : "Dialog_Stage0_Main_D4_06",
			"m_DialogIndex" : "07"
		}
	},	
	"D8" : 
	{
		"0" : 
		{
			"m_Index" : "Dialog_Stage0_Main_A1_03",
			"m_DialogIndex" : "30"		
		},
		"1" : 
		{
			"m_Index" : "Evidence_Stage0_Main_A27",
			"m_DialogIndex" : "30"
		},
		"2" : 
		{
			"m_Index" : "Evidence_Stage0_Main_A29",
			"m_DialogIndex" : "32"
		},
		"3" : 
		{
			"m_Index" : "Evidence_Stage0_Main_A53",
			"m_DialogIndex" : "33"
		},
		"4" : 
		{
			"m_Index" : "Evidence_Stage0_Main_A51",
			"m_DialogIndex" : "30"
		},
		"5" : 
		{
			"m_Index" : "Dialog_Stage0_Main_A1_73",
			"m_DialogIndex" : "30"
		}
	},
	"D9" : 
	{
		"0" : 
		{
			"m_Index" : "Evidence_Stage0_Main_A01",	
			"m_DialogIndex" : "30"
		},
		"1" : 
		{
			"m_Index" : "Evidence_Stage0_Main_A04",
			"m_DialogIndex" : "30"
		},
		"2" : 
		{
			"m_Index" : "Evidence_Stage0_Main_A05",
			"m_DialogIndex" : "30"
		},
		"3" : 
		{
			"m_Index" : "Evidence_Stage0_Main_01",
			"m_DialogIndex" : "31"
		},
		"4" : 
		{
			"m_Index" : "Dialog_Stage0_Main_D9_18",
			"m_DialogIndex" : "32"
		},
		"5" : 
		{
			"m_Index" : "Dialog_Stage0_Main_D9_04",
			"m_DialogIndex" : "31"
		},
		"6" : 
		{
			"m_Index" : "Dialog_Stage0_Main_D9_03",
			"m_DialogIndex" : "33"
		},
		"7" : 
		{
			"m_Index" : "Evidence_Stage0_Main_A6",
			"m_DialogIndex" : "33"
		},
		"8" : 
		{
			"m_Index" : "Dialog_Stage0_Main_A1_03",
			"m_DialogIndex" : "34"
		},
		"9" : 
		{
			"m_Index" : "Dialog_Stage0_Main_D8_31",
			"m_DialogIndex" : "35"
		},
		"10" : 
		{
			"m_Index" : "Dialog_Stage0_Main_D8_33",
			"m_DialogIndex" : "36"
		},
		"11" : 
		{
			"m_Index" : "Dialog_Stage0_Main_A3_34",
			"m_DialogIndex" : "36"
		},
		"12" : 
		{
			"m_Index" : "Dialog_Stage0_Main_A3_33",
			"m_DialogIndex" : "36"
		},
		"13" : 
		{
			"m_Index" : "Dialog_Stage0_Main_D8_34",
			"m_DialogIndex" : "36"
		},
		"14" : 
		{
			"m_Index" : "Dialog_Stage0_Main_A1_32",
			"m_DialogIndex" : "36"
		},
		"15" : 
		{
			"m_Index" : "Dialog_Stage0_Main_A1_34",
			"m_DialogIndex" : "36"
		},
		"16" : 
		{
			"m_Index" : "Dialog_Stage0_Main_A0_01",
			"m_DialogIndex" : "38"
		},
		"17" : 
		{
			"m_Index" : "Dialog_Stage0_Main_A0_02",
			"m_DialogIndex" : "38"
		},
		"18" : 
		{
			"m_Index" : "Dialog_Stage0_Main_A0_03",
			"m_DialogIndex" : "38"
		},
		"19" : 
		{
			"m_Index" : "Dialog_Stage0_Main_D4_05",
			"m_DialogIndex" : "39"
		},
		"20" : 
		{
			"m_Index" : "Evidence_Stage0_Main_A23",
			"m_DialogIndex" : "50"
		},
		"21" : 
		{
			"m_Index" : "Evidence_Stage0_Main_A27",
			"m_DialogIndex" : "51"
		},
		"22" : 
		{
			"m_Index" : "Evidence_Stage0_Main_A28",
			"m_DialogIndex" : "52"
		},
		"23" : 
		{
			"m_Index" : "Evidence_Stage0_Main_A29",
			"m_DialogIndex" : "53"
		},
		"24" : 
		{
			"m_Index" : "Evidence_Stage0_Main_A32",
			"m_DialogIndex" : "54"
		},
		"25" : 
		{
			"m_Index" : "Evidence_Stage0_Main_A33",
			"m_DialogIndex" : "55"
		},
		"26" : 
		{
			"m_Index" : "Evidence_Stage0_Main_A34",
			"m_DialogIndex" : "57"
		},
		"27" : 
		{
			"m_Index" : "Evidence_Stage0_Main_A36",
			"m_DialogIndex" : "58"
		},
		"28" : 
		{
			"m_Index" : "Evidence_Stage0_Main_A38",
			"m_DialogIndex" : "59"
		},
		"29" : 
		{
			"m_Index" : "Evidence_Stage0_Main_A20",
			"m_DialogIndex" : "30"
		},
		"30" : 
		{
			"m_Index" : "Evidence_Stage0_Main_A18",
			"m_DialogIndex" : "33"
		},
		"31" : 
		{
			"m_Index" : "Evidence_Stage0_Main_A39",
			"m_DialogIndex" : "70"
		},
		"32" : 
		{
			"m_Index" : "Evidence_Stage0_Main_A50",
			"m_DialogIndex" : "71"
		},
		"33" : 
		{
			"m_Index" : "Evidence_Stage0_Main_A51",
			"m_DialogIndex" : "51"
		},
		"34" : 
		{
			"m_Index" : "Evidence_Stage0_Main_A52",
			"m_DialogIndex" : "52"
		},
		"35" : 
		{
			"m_Index" : "Evidence_Stage0_Main_A53",
			"m_DialogIndex" : "53"
		},
		"36" : 
		{
			"m_Index" : "Evidence_Stage0_Main_A54",
			"m_DialogIndex" : "54"
		},
		"37" : 
		{
			"m_Index" : "Evidence_Stage0_Main_A55",
			"m_DialogIndex" : "73"
		},
		"38" : 
		{
			"m_Index" : "Dialog_Stage0_Main_A0_21",
			"m_DialogIndex" : "70"
		},
		"39" : 
		{
			"m_Index" : "Evidence_Stage0_Main_A57",
			"m_DialogIndex" : "74"
		},
		"40" : 
		{
			"m_Index" : "Evidence_Stage0_Main_A56",
			"m_DialogIndex" : "75"
		},
		"41" : 
		{
			"m_Index" : "Event001",
			"m_Selection" : ["0", "1"],
			"m_DialogIndex" : "S0",
			"m_Type" : "CompulsionSelection",
			"m_Event" : ["Dialog-D9_S00","Dialog-D9_S01", "Dialog-D9_S02"]
		}			
	},		
	"D10" : 
	{
		"0" : 
		{
			"m_Index" : "Dialog_Stage0_Main_D10_03",	
			"m_DialogIndex" : "30"
		},	
		"1" : 
		{
			"m_Index" : "Dialog_Stage0_Main_D10_02",
			"m_DialogIndex" : "31"
		},
		"2" : 
		{
			"m_Index" : "Evidence_Stage0_Main_A05",
			"m_DialogIndex" : "30"
		},
		"3" : 
		{
			"m_Index" : "Evidence_Stage0_Main_01",
			"m_DialogIndex" : "31"
		},
		"4" : 
		{
			"m_Index" : "Dialog_Stage0_Main_D9_18",
			"m_DialogIndex" : "32"
		},
		"5" : 
		{
			"m_Index" : "Dialog_Stage0_Main_D10_01",
			"m_DialogIndex" : "33"
		},
		"6" : 
		{
			"m_Index" : "Evidence_Stage0_Main_A0",
			"m_DialogIndex" : "34"
		},
		"7" : 
		{
		}
	},
	"D11" : 
	{
		"0" : 
		{
			"m_Index" : "Event001",
			"m_Type" : "CompulsionSelection",
			"m_DialogIndex" : "S0",
			"m_Selection" : ["0", "1"],
			"m_Event" : ["Dialog-D11_S00","Dialog-D11_S01", "Dialog-D11_S02"]
		}
	},
	"D12" : 
	{
		"0" : 
		{
			"m_Index" : "Event001",
			"m_Type" : "CompulsionSelection",
			"m_DialogIndex" : "S0",
			"m_Selection" : ["0", "1"],
			"m_Event" : ["Dialog-D12_S00","Dialog-D12_S01", "Dialog-D12_S02"]
		}
	},
	"D13" : 
	{
		"0" : 
		{
			"m_Index" : "Event001",
			"m_Type" : "CompulsionSelection",
			"m_DialogIndex" : "S0",
			"m_Selection" : ["0", "1"],
			"m_Event" : ["Dialog-D13_S00","Dialog-D13_S01", "Dialog-D13_S02"]
		},	
		"1" : 
		{
			"m_Index" : "Dialog_Stage0_Main_D10_00",
			"m_DialogIndex" : "30"
		},	
		"2" : 
		{
			"m_Index" : "Dialog_Stage0_Main_D10_40",
			"m_DialogIndex" : "30"
		},	
		"3" : 
		{
			"m_Index" : "Dialog_Stage0_Main_D3_10",
			"m_DialogIndex" : "30"
		},	
		"4" : 
		{
			"m_Index" : "Dialog_Stage0_Main_D3_11",
			"m_DialogIndex" : "30"
		}
	},
	"D14" : 
	{
		"0" : 
		{
			"m_Index" : "Event001",
			"m_Type" : "CompulsionSelection",
			"m_DialogIndex" : "S0",
			"m_Selection" : ["0", "1"],
			"m_Event" : ["Dialog-D14_S00","Dialog-D14_S01", "Dialog-D14_S02"]
		}
	},
	"D15" : 
	{
		"0" : 
		{
			"m_Index" : "Evidence_Stage0_Main_A25",	
			"m_DialogIndex" : "10"
		},
		"1" : 
		{
			"m_Index" : "Evidence_Stage0_Main_A26",	
			"m_DialogIndex" : "11"
		},
		"2" : 
		{
			"m_Index" : "Evidence_Stage0_Main_A34",	
			"m_DialogIndex" : "12"
		},
		"3" : 
		{
			"m_Index" : "Evidence_Stage0_Main_A33",	
			"m_DialogIndex" : "13"
		},
		"4" : 
		{
			"m_Index" : "Dialog_Stage0_Main_D9_42",	
			"m_DialogIndex" : "14"
		},
		"5" : 
		{
			"m_Index" : "Evidence_Stage0_Main_A18",	
			"m_DialogIndex" : "15"
		},
		"6" : 
		{
			"m_Index" : "Evidence_Stage0_Main_A20",	
			"m_DialogIndex" : "16"
		},
		"7" : 
		{
			"m_Index" : "Evidence_Stage0_Main_A21",	
			"m_DialogIndex" : "17"
		},
		"8" : 
		{
			"m_Index" : "Evidence_Stage0_Main_A22",	
			"m_DialogIndex" : "17"
		}
	},
	"D19" : 
	{
		"0" : 
		{
			"m_Index" : "Evidence_Stage0_Main_A17",	
			"m_DialogIndex" : "10"
		}
	},
	"D22" : 
	{
		"0" : 
		{
			"m_Index" : "Evidence_Stage0_Main_A19",	
			"m_DialogIndex" : "00"
		},
		"1" : 
		{
			"m_Index" : "Evidence_Stage0_Main_A20",	
			"m_DialogIndex" : "01"
		},
		"2" : 
		{
			"m_Index" : "Evidence_Stage0_Main_A21",	
			"m_DialogIndex" : "02"
		},
		"3" : 
		{
			"m_Index" : "Evidence_Stage0_Main_A22",	
			"m_DialogIndex" : "10"
		},
		"4" : 
		{
			"m_Index" : "Evidence_Stage0_Main_A23",	
			"m_DialogIndex" : "11"
		},
		"5" : 
		{
			"m_Index" : "Evidence_Stage0_Main_A24",	
			"m_DialogIndex" : "12"
		}
	},
	"D23" : 
	{
		"0" : 
		{
			"m_Index" : "Evidence_Stage0_Main_A19",	
			"m_DialogIndex" : "10"
		},
		"1" : 
		{
			"m_Index" : "Evidence_Stage0_Main_A20",	
			"m_DialogIndex" : "10"
		},
		"2" : 
		{
			"m_Index" : "Evidence_Stage0_Main_A21",	
			"m_DialogIndex" : "10"
		},
		"3" : 
		{
			"m_Index" : "Evidence_Stage0_Main_A22",	
			"m_DialogIndex" : "10"
		},
		"4" : 
		{
			"m_Index" : "Evidence_Stage0_Main_A23",	
			"m_DialogIndex" : "10"
		},
		"5" : 
		{
			"m_Index" : "Evidence_Stage0_Main_A24",	
			"m_DialogIndex" : "10"
		},
		"6" : 
		{
			"m_Index" : "Evidence_Stage0_Main_A31",	
			"m_DialogIndex" : "20"
		},
		"7" : 
		{
			"m_Index" : "Evidence_Stage0_Main_A34",	
			"m_DialogIndex" : "21"
		},
		"8" : 
		{
			"m_Index" : "Evidence_Stage0_Main_A37",	
			"m_DialogIndex" : "22"
		},
		"9" : 
		{
			"m_Index" : "Evidence_Stage0_Main_A40",	
			"m_DialogIndex" : "30"
		},
		"10" : 
		{
			"m_Index" : "Evidence_Stage0_Main_A41",	
			"m_DialogIndex" : "31"
		},
		"11" : 
		{
			"m_Index" : "Evidence_Stage0_Main_A42",	
			"m_DialogIndex" : "32"
		},
		"12" : 
		{
			"m_Index" : "Evidence_Stage0_Main_A30",	
			"m_DialogIndex" : "10"
		},
		"13" : 
		{
			"m_Index" : "Evidence_Stage0_Main_A32",	
			"m_DialogIndex" : "10"
		},
		"14" : 
		{
			"m_Index" : "Evidence_Stage0_Main_A33",	
			"m_DialogIndex" : "10"
		},
		"15" : 
		{
			"m_Index" : "Evidence_Stage0_Main_A35",	
			"m_DialogIndex" : "10"
		},
		"16" : 
		{
			"m_Index" : "Evidence_Stage0_Main_A36",	
			"m_DialogIndex" : "10"
		},
		"17" : 
		{
			"m_Index" : "Evidence_Stage0_Main_A38",	
			"m_DialogIndex" : "10"
		}
	},
	"D24" : 
	{
		"0" : 
		{
			"m_Index" : "Evidence_Stage0_Main_A17",	
			"m_DialogIndex" : "10"
		},
		"1" : 
		{
			"m_Index" : "Evidence_Stage0_Main_A24",	
			"m_DialogIndex" : "11"
		}
	}		
}