{
  "0": {
    "m_Index": "A0",
    "0": {
      "m_Selection": [ "00" ]
    },
    "1": {
    }
  },
  "1": {
    "m_Index": "A1",
    "0": {
      "m_Selection": [ "00", "01" ]
    },
    "1": {
      "m_Selection": [ "00", "01" ]
    }
  },
  "2": {
    "m_Index": "C1",
    "0": {
      "m_Selection": [ "00" ]
    },
    "1": {
      "m_Selection": [ "10" ]
    }
  },
  "3": {
    "m_Index": "C2",
    
    "0": {
      "m_Selection": [ "00" ]
    },
    "1": {
      "m_Selection": [ "00" , "01"]
    }
  },
  "4": {
    "m_Index": "D0",
    "0": {
      "m_Selection": []
    },
    "1": {
    }
  },
  "5": {
    "m_Index": "D1",
    "0": {
      "m_Selection": [ "00", "01", "02" ]
    },
    "1": {
      "m_Selection": [ "20", "21", "22" ]
    }
  },
  "6": {
    "m_Index": "D2",
    "0": {
      "m_Selection": [ "00", "01", "02" ]
    },
    "1": {
      "m_Selection": [ "00", "01" ]
    }
  },
  "7": {
    "m_Index": "D3",
    "0": {
      "m_Selection": [ "00", "01", "02" ]
    },
    "1": {
    }
  },
  "8": {
    "m_Index": "D4",
    "0": {
      "m_Selection": [ "00", "01","03" ]
    },
    "1": {
      "m_Selection": [ "20", "03","21", "22" ]
    }
  },
  "9": {
    "m_Index": "D5",
    "0": {
      "m_Selection": [ "00", "01", "02" ]
    },
    "1": {
      "m_Selection": [ "00", "01", "20" ]
    }
  },
  "10": {
    "m_Index": "D6",
    "0": {
      "m_Selection": [ "00", "01", "02", "04" ]
    },
    "1": {
      "m_Selection": [ "00", "01", "02", "04" ]
    }
  },
  "11": {
    "m_Index": "D7",
    "0": {
      "m_Selection": [ "00" ]
    },
    "1": {
      "m_Selection": [ "00" ]
    }
  },
  "12": {
    "m_Index": "D8",
    "0": {
      "m_Selection": [ "00" ]
    },
    "1": {
    }
  },
  "13": {
    "m_Index": "D9",
    "0": {
      "m_Selection": [ "00" ]
    },
    "1": {
      "m_Selection": [ "20" , "21" ]
    }
  },
  "14": {
    "m_Index": "A2",
    "0": {
      "m_Selection": [ "00" ]
    },
    "1": {
      "m_Selection": [ "00" ]
    }
  },
  "15": {
    "m_Index": "D14",
    "0": {
      "m_Selection": [ "00" , "01" , "02" ]
    },
    "1": {
    }
  },
  "16": {
    "m_Index": "D15",
    "0": {
      "m_Selection": [ "00"  ]
    },
    "1": {
      "m_Selection": [ "00"  ]
    }
  }
}
