{
	"Evidence":
	{
		"00":
		{
			"AtlasIndex": 0,
			"IsAnalyzed": true,
			"IsMatched": true,
			"AnalyzedTime": 120,
			"MatchedTime": 120
		},
		"01":
		{
			"AtlasIndex": 0,
			"IsAnalyzed": false,
			"IsMatched": true,
			"MatchedTime": 120
		},
		"02":
		{
			"AtlasIndex": 0,
			"IsAnalyzed": true,
			"IsMatched": true,
			"AnalyzedTime": 120,
			"MatchedTime": 120
		},
		"10":
		{
			"AtlasIndex": 0,
			"IsAnalyzed": true,
			"IsMatched": false,
			"AnalyzedTime": 120,
		},
		"A0":
		{
			"AtlasIndex": 0,
			"IsAnalyzed": true,
			"IsMatched": false,
			"Swap":	["A16"]
		},
		"A1":
		{
			"AtlasIndex": 0,
			"IsAnalyzed": true,
			"IsMatched": false,
			"Swap":	["A16"]
		},
		"A2":
		{
			"AtlasIndex": 0,
			"IsAnalyzed": false,
			"IsMatched": false
		},
		"A3":
		{
			"AtlasIndex": 0,
			"IsAnalyzed": false,
			"IsMatched": false
		},
		"A4":
		{
			"AtlasIndex": 0,
			"IsAnalyzed": false,
			"IsMatched": false
		},
		"A5":
		{
			"AtlasIndex": 0,
			"IsAnalyzed": true,
			"IsMatched": false,
			"IsChange": true,
			"Swap": ["A14"],
			"AnalyzedTime": 120
		},
		"A6":
		{
			"AtlasIndex": 0,
			"IsAnalyzed": false,
			"IsMatched": false
		},
		"A7":
		{
			"AtlasIndex": 0,
			"IsAnalyzed": true,
			"IsMatched": true,
			"AnalyzedTime": 120,
			"MatchedTime": 120
		},
		"A8":
		{
			"AtlasIndex": 0,
			"IsAnalyzed": false,
			"IsMatched": false
		},
		"A9":
		{
			"AtlasIndex": 0,
			"IsAnalyzed": false,
			"IsMatched": true,
			"AnalyzedTime": 120,
			"MatchedTime": 120
		},
		"A10":
		{
			"AtlasIndex": 0,
			"IsAnalyzed": false,
			"IsMatched": false
		},
		"A11":
		{
			"AtlasIndex": 0,
			"IsAnalyzed": false,
			"IsMatched": false
		},
		"A12":
		{
			"AtlasIndex": 0,
			"IsAnalyzed": false,
			"IsMatched": false
		},
		"A13":
		{
			"AtlasIndex": 0,
			"IsAnalyzed": false,
			"IsMatched": false
		},
		"A14":
		{
			"AtlasIndex": 0,
			"IsAnalyzed": false,
			"IsMatched": false,
			"AnalyzedTime": 120,
			"Swap": ["A15"],
			"MatchedTime": 120
		},
		"B0":
		{
			"AtlasIndex": 0,
			"IsAnalyzed": false,
			"IsMatched": false
		},
		"B1":
		{
			"AtlasIndex": 0,
			"IsAnalyzed": false,
			"IsMatched": false
		},
		"B2":
		{
			"AtlasIndex": 0,
			"IsAnalyzed": false,
			"IsMatched": false
		}
	},
	"Match":
	{
		"00":
		{
			"0":
			{
				"Index": "A7",
				"Evidence": "B0"
			}
		},
		"01":
		{
			"0":
			{
				"Index": "A7",
				"Evidence": "B1"
			}
		},
		"02":
		{
			"0":
			{
				"Index": "A7",
				"Evidence": "B2"
			}
		},
		"A7":
		{
			"0":
			{
				"Index": "00",
				"Evidence": "B0"
			},
			"1":
			{
				"Index": "01",
				"Evidence": "B1"
			},
			"2":
			{
				"Index": "02",
				"Evidence": "B2"
			}
		}
	}

}
