{
	"Start": {
		"0": [ "Dialog-N0_00" , "ChangeNpcState-T1_Missing" ],
		"1": [ "Dialog-N0_20" , "AddNpcEvent-D1_0" ]
	},  

	"Case": {
		"0": {
			"0": [ "AddNews-0", "AddSearch-Extra_0", "UnlockDT-0009" ],
			"1": [ "AddSelection-D0_04" ],
			"2": [  "ChangeNpcState-C1_Dead" ]
		},
		"1": {
			"0": [ "AddNews-0", "AddSearch-Extra_0" ],
			"1": [ "AddNews-2",  "ChangeNpcState-C2_Dead" ],
			"2": [ "AddNews-1",  "ChangeNpcState-C1_Dead", "AddArea-Extra_1", "AddSearch-Extra_1" ]
		}
	},
	"GetItem": {
		"0": {
			"00": [ "AddCase-0" ],
			"A2": [ "AddArea-Company_3" ],
			"A5": [ "SystemMessage-009", "AddEvidence-A3" ],
			"A6": [ "AddEvidence-A7" ],
			"A9": [ "Dialog-N0_05" ],
			"A10": [ "Case-Side_0" ],
			"A14": [],
			"A15": []
		},
		"1": {
			"10": [ "AddCase-3" ],
			"A2": [ "AddArea-Company_3" ],
			"A5": [ "SystemMessage-009", "AddEvidence-A3" ],
			"A6": [ "AddEvidence-A7" ],
			"A9": [],
			"A10": [ "Case-Side_0" ],
			"A14": []
		}
	},

	"Warrant": {
		"A0_0": [ "ShowEnding-A0_0" , "UnlockDT-0000", "UnlockDT-0001" , "UnlockDT-0002", "UnlockDT-0005" ],
		"A0_1": [ "ShowEnding-A0_1" , "UnlockDT-0000", "UnlockDT-0001" , "UnlockDT-0005" ],
		"A0_2": [ "ShowEnding-A0_2" , "UnlockDT-0000", "UnlockDT-0005" ],
		"A0_3": [ "ShowEnding-A0_3" ],
		"A1_0": [ "ShowEnding-A2_0" , "UnlockDT-0000"  ],
		"A1_1": [ "ShowEnding-A2_1" , "UnlockDT-0000"  ],
		"A1_2": [ "ShowEnding-A1_2" ],
		"A1_3": [ "ShowEnding-A1_3" ],
		"C0_0": [ "ShowEnding-C0_0" ],
		"C1_0": [ "ShowEnding-C1_0" ],
		"C2_0": [ "ShowEnding-C1_0" ],
		"D1_0": [ "ShowEnding-D1_0" ],
		"D1_1": [ "ShowEnding-D1_1" ],
		"D1_2": [ "ShowEnding-D1_2" ],
		"Bad": [ "Dialog-D13_50" ]
	},

	"Analysis": {
		"0": {
			"A14": []
		},
		"1": {
			"00": []
		}
	},

	"CasePlace": {	
		"0": {
			"0": [],
			"1": [],
			"2": []
		},
		"1": {
			"0": [],
			"1": [],
			"2": []
		}
	},

	"SystemMessage": {
		"001": [ "Dialog-N0_01" ],
		"002": [ "Dialog-N0_02" ],
		"003": [],
		"004": [ "Dialog-N0_03" ],
		"005": [],
		"006": [],
		"007": [ "Dialog-N0_04" ],
		"008": [],
		"009": [ "Dialog-N0_06" ],
		"010": [ "Dialog-N0_07" ],
		"011": [ "RemoveSelection-D4_03", "RemoveSelection-D4_11", "AddSelection-D4_04", "SwapEvidence-A0_0",  "AddSelection-D14_03", "ShowCompulsion-N0_001" ],
		"012": [ "ShowCompulsion-D14_001"],
		"013": [ "Dialog-N0_21" ],
		"014": [ "ShowCompulsion-D13_001" ],
		"015": [ "Dialog-D13_10" ],
	},

	"Search": {
		"0": {
			"Home_0": [],
			"Home_1": [],
			"Home_2": [],
			"Home_3": [],
			"Home_4": [],
			"Company_0": [ "SwapEvidence-A0_0" ],
			"Company_2": [ "AddArea-Extra_1" ],
			"Company_3": [],
			"Company_4": [],
			"Extra_0": [],
			"Extra_1": [],
			"Extra_2": [],
			"Case_0": []
		},
		"1": {
			"Home_0": [],
			"Home_1": [],
			"Home_2": [],
			"Home_3": [],
			"Home_4": [],
			"Company_0": [ "SystemMessage-006" ],
			"Company_2": [ "AddArea-Extra_1" ],
			"Company_3": [],
			"Company_4": [],
			"Extra_0": [],
			"Extra_1": [],
			"Extra_2": []
		}
	},

	"EndDialog": {
		"D0": {
			"0": {
				"01": [ "SystemMessage-002" ],
				"02": [ "Dialog-N0_08" ]
			},
			"1": {
				"01": [ "SystemMessage-002" ],
				"02": [ "Dialog-N0_08" ]
			}
		},
		"D1": {
			"0": {
				"00": [ "SystemMessage-012" ],
				"01": [ "SystemMessage-012" ],
				"02": [ "SystemMessage-012" ]
			},
			"1": {
				"02": [ "SystemMessage-007", "AddSearch-Company_3" ]
			}
		},
		"A1": {
			"0": {
				"02": [ "SystemMessage-007", "AddSearch-Company_3" ]
			},
			"1": {
				"02": [  ]
			}
		},
		"A2": {
			"0": {
			},
			"1": {
				"02": [ "SystemMessage-007", "AddSearch-Company_3" ]
			}
		},
		"N0": {
			"0": {

			},
			"1": {

			}
		},
		"D4": {
			"0": {
				"00": [ "SystemMessage-012" ],
				"01": [ "SystemMessage-012" ],
				"02": [ "SystemMessage-012" ]
			},
			"1": {
			}
		},
		"D5": {
			"0": {
				"00": [ "SystemMessage-012" ],
				"01": [ "SystemMessage-012" ],
				"03": [ "SystemMessage-012" ]
			},
			"1": {
			}
		},
		"D9": {
			"0": {
				"00": [ "AddArea-Extra_0", "SystemMessage-001", "AddSelection-D0_00" ]
			},
			"1": {
				"20": [ "SystemMessage-013", "AddArea-Company_0" ]
			}
		}
	},

	"Dialog": {
		"N0": {
			"0": {
				"00": [ "AddArea-Case_0", "AddNpcEvent-D9_0", "AddNpcEvent-D10_0", "AddNpcEvent-D11_0"],
				"01": [ ],
				"02": [ "SystemMessage-003" ],
				"03": [ "SystemMessage-005", "SetEvidence-Company_0+A2" ],
				"05": [ "SystemMessage-008" ],
				"09": [ "RemoveSelection-D4_03", "RemoveSelection-D4_11", "AddSelection-D4_04", "SwapEvidence-A0"],
			},
			"1": {
				"20": [ "AddArea-Case_3", "AddNpcEvent-D9_0", "AddNpcEvent-D10_0", "AddNpcEvent-D11_0" ],
				"01": [ "AddEvidence-00" ],
				"02": [ "SystemMessage-003" ],
				"03": [ "SystemMessage-005", "SetEvidence-Company_0+A2" ],
				"05": [ "SystemMessage-008" ],
				"21": [ "SystemMessage-015" ]
			}

		},
		"N1": {
			"0": {
				"00": [ "AddArea-Extra_0", "AddSelection-D0_00", "SystemMessage-001" ],
				"01": [ "AddArea-Case_0", "AddArea-Company_0" ]
			},
			"1": {
				"00": [ "AddArea-Extra_0", "AddSelection-D0_00", "SystemMessage-001" ],
				"01": [ "AddArea-Case_0", "AddArea-Company_0" ]
			}

		},
		"A0": {
			"0": {
				"S00": [ "AddArea-Home_3", "SetEvidence-Home_3+A6" ],
				"S01": [ "ShowEnding-A0_4" , "UnlockDT-0006" ],
				"S02": [ "ShowEnding-A0_4" , "UnlockDT-0006" ]
			},
			"1": {

			}

		},
		"A1": {
			"0": {
				"00": [ "AddSelection-A1_02" ],
				"02": [ "SetEvidence-Company_3+A9" ],
				"03": [ "AddArea-Company_4" ],
				"S00": [ "AddArea-Home_2", "AddSearch-Home_2", "MissingNpc-A0", "MissingNpc-A1", "MissingNpc-D1" ],
				"S01": [ "ShowEnding-A1_4" ],
				"S02": [ "ShowEnding-A1_4" ]


			},
			"1": {
				"00": [ "AddSelection-A1_02" ],
				"03": [ "AddArea-Company_4" ],
				"S00": [ "AddArea-Home_2", "AddSearch-Home_2", "MissingNpc-A0", "MissingNpc-A1", "MissingNpc-D1" ],
				"S01": [ "GameOver-A1_3" ],
				"S02": [ "GameOver-A1_3" ]
			}

		},
		"A2": {
			"0": {
				"02": [ "SystemMessage-011" ],
				"03": [ "AddSelection-A2_04", "AddSelection-A2_05", "AddArea-Extra_1", "SetEvidence-Extra_1+A10" ]
			},
			"1": {
				"02": [ "SystemMessage-011" ],
				"03": [ "AddArea-Extra_1" ],
				"20": [ "AddSelection-A2_10" ]
			}
		},
		"D0": {
			"0": {
				"00": [ "AddSelection-D0_01", "AddNpcEvent-D4_0" , "UnlockDT-0013" ],
				"10": [ "RemoveSelection-D0_00", "RemoveSelection-D0_01", "AddSelection-D0_03", "AddArea-Company_0" ,"SystemMessage-014" ],
				"12": [ "AddArea-Extra_2", "SetEvidence-Extra_2+A5" ],
				"S00": [ "AddArea-Extra_2", "SetEvidence-Extra_2+A5" ],
				"S01": [ "AddArea-Extra_2", "SetEvidence-Extra_2+A5" ],
				"S02": [ "AddArea-Extra_2", "SetEvidence-Extra_2+A5" ]
			},
			"1": {
				"00": [ "AddSelection-D0_01", "AddNpcEvent-D4_0" ],
				"10": [ "RemoveSelection-D0_00", "RemoveSelection-D0_01", "AddSelection-D0_03", "AddArea-Company_0", "AddSearch-Company_0" ],
				"12": [ "AddArea-Extra_2", "AddSearch-Extra_2" ],
				"S00": [ "AddArea-Extra_2", "AddSearch-Extra_2" ],
				"S01": [ "AddArea-Extra_2", "AddSearch-Extra_2" ],
				"S02": [ "AddArea-Extra_2", "AddSearch-Extra_2" ]
			}
		},
		"D1": {
			"0": {
				"05": [ "SystemMessage-004" ],
				"07": [ "AddSelection-A0_02", "ChangeNpcState-D1_Missing" ],
				"S00": [ "AddArea-Home_3", "AddSearch-Home_3", "MissingNpc-A0", "MissingNpc-A1", "MissingNpc-D1" ],
				"S01": [ "GameOver-D1_3" ],
				"S02": [ "GameOver-D1_3" ]
			},
			"1": {
				"05": [ "SystemMessage-004" ],
				"07": [ "AddSelection-A0_02" ],
				"S00": [ "AddArea-Home_3", "AddSearch-Home_3", "MissingNpc-A0", "MissingNpc-A1", "MissingNpc-D1" ],
				"S01": [ "GameOver-D1_3" ],
				"S02": [ "GameOver-D1_3" ],
				"22": [ "AddArea-Company_3" ],
				"23": [ "AddArea-Company_3" ]
			}
		},
		"D2": {
			"0": {
				"01": [ "AddSelection-D3_11" ],
				"02": [ "AddSelection-D2_21" ]
			},
			"1": {
				"01": [ "AddSelection-D2_21" ],
				"02": [  ]
			}
		},
		"D3": {
			"0": {
				"01": [ "AddSelection-D3_11" ]
			},
			"1": {
				"01": [ "AddSelection-D3_11" ]
			}
		},
		"D4": {
			"0": {
				"01": [ "AddSelection-D4_02" ],
				"02": [ "AddSelection-D4_03" ],
				"03": [ "AddSelection-D4_11" ],
				"04": [ "AddSelection-D4_13" ],
				"11": [ "AddEvidence-A0" ],
				"13": [ "AddEvidence-A16" ]
			},
			"1": {
				"03": [ "AddSelection-D4_11" ],
				"21": [ "AddArea-Company_1","AddArea-Company_2" ],
				"22": [ "AddSelection-D4_23" ],
				"23": [ "AddArea-Company_2" ],
				"11": [ "AddEvidence-A0" ]
			}
		},
		"D5": {
			"0": {
				"01": [ "AddSelection-D5_03" ],
				"02": [ "AddArea-Company_5" ],
				"03": [ "SetEvidence-Company_0+A2" ],
				"04": [ "Dialog-N0_09", "SwapEvidence-A14_0" ]
			},
			"1": {
				"01": [ "AddSelection-D5_13" ],
				"20": [ "AddArea-Company_5" ],
				"04": []
			}
		},
		"D6": {
			"0": {
				"03": [ "AddSelection-D7_04" ]
			},
			"1": {
				"01": [ "AddSelection-D6_05" ]
			}
		},
		"D7": {
			"0": {},
			"1": {}
		},
		"D8": {
			"0": {
				"00": [ "AddSelection-D8_01", "RemoveSelection-D8_00" ]
			},
			"1": {
				"00": [ "AddSelection-D8_01", "RemoveSelection-D8_00" ]
			}
		},
		"D9": {
			"0": {
				"00": [ "AddEvidence-00" ],
				"01": [ "SystemMessage-003" ]
			},
			"1": {
				"20": [ "AddEvidence-10" ]
			}
		},
		"D13": {
			"0": {
				"50": ["ShowEnding-Bad"]		
			},
			"1": {
				"50": ["ShowEnding-Bad"]		
			}

		},
		"D14": {
			"0": {
				"S00": [ "AddArea-Extra_3" ],
				"S01": [ "AddArea-Extra_3" ],
				"S02": [ "AddArea-Extra_3" ],
				"01": []				
			},
			"1": {
				"00": []
			}
		},
		"D15": {
			"0": {},
			"1": {
				"00": ["AddSelection-D15_01"]
			}
		}
	}
}