{
	"Evidence":
	{
		"00":
		{
			"AtlasIndex": 0,
			"IsAnalyzed": true,
			"IsMatched": true,
			"AnalyzedTime": 120,
			"MatchedTime": 120
		},
		"01":
		{
			"AtlasIndex": 0,
			"IsAnalyzed": true,
			"IsMatched": true,
			"AnalyzedTime": 120,
			"MatchedTime": 120
		},
		"02":
		{
			"AtlasIndex": 0,
			"IsAnalyzed": true,
			"IsMatched": true,
			"AnalyzedTime": 120,
			"MatchedTime": 120
		},
		"10":
		{
			"AtlasIndex": 0,
			"IsAnalyzed": true,
			"IsMatched": false,
			"AnalyzedTime": 120
		},
		"A0":
		{
			"AtlasIndex": 0,
			"IsAnalyzed": false,
			"IsMatched": false,
			"Swap":	["A16"]
		},
		"A1":
		{
			"AtlasIndex": 0,
			"IsAnalyzed": true,
			"IsMatched": false,
			"Swap":	["A16"]
		},
		"A2":
		{
			"AtlasIndex": 0,
			"IsAnalyzed": false,
			"IsMatched": false
		},
		"A3":
		{
			"AtlasIndex": 0,
			"IsAnalyzed": false,
			"IsMatched": false
		},
		"A4":
		{
			"AtlasIndex": 0,
			"IsAnalyzed": false,
			"IsMatched": false
		},
		"A5":
		{
			"AtlasIndex": 0,
			"IsAnalyzed": true,
			"IsMatched": false,
			"IsChange": true,
			"Swap": ["A14"],
			"AnalyzedTime": 120
		},
		"A6":
		{
			"AtlasIndex": 0,
			"IsAnalyzed": false,
			"IsMatched": false
		},
		"A7":
		{
			"AtlasIndex": 0,
			"IsAnalyzed": true,
			"IsMatched": true,
			"AnalyzedTime": 120,
			"MatchedTime": 120
		},
		"A8":
		{
			"AtlasIndex": 0,
			"IsAnalyzed": false,
			"IsMatched": false
		},
		"A9":
		{
			"AtlasIndex": 0,
			"IsAnalyzed": true,
			"IsMatched": true,
			"AnalyzedTime": 120,
			"MatchedTime": 120
		},
		"A10":
		{
			"AtlasIndex": 0,
			"IsAnalyzed": false,
			"IsMatched": false
		},
		"A11":
		{
			"AtlasIndex": 0,
			"IsAnalyzed": false,
			"IsMatched": false,
			"Swap": [ "A30" , "A31" ]
		},
		"A12":
		{
			"AtlasIndex": 0,
			"IsAnalyzed": false,
			"IsMatched": false
		},
		"A13":
		{
			"AtlasIndex": 0,
			"IsAnalyzed": false,
			"IsMatched": false
		},
		"A14":
		{
			"AtlasIndex": 0,
			"IsAnalyzed": false,
			"IsMatched": false,
			"AnalyzedTime": 120,
			"Swap": ["A15"],
			"MatchedTime": 120
		},
		"A16":
		{
			"AtlasIndex": 0,
			"IsAnalyzed": false,
			"IsMatched": false,
			"IsChange": true
		},
		"A17":
		{
			"AtlasIndex": 0,
			"IsAnalyzed": false,
			"IsMatched": false
		},
		"A18":
		{
			"AtlasIndex": 0,
			"IsAnalyzed": false,
			"IsMatched": false
		},
		"A19":
		{
			"AtlasIndex": 0,
			"IsAnalyzed": true,
			"IsMatched": false,
			"AnalyzedTime": 120
		},
		"A20":
		{
			"AtlasIndex": 0,
			"IsAnalyzed": false,
			"IsMatched": false
		},
		"A21":
		{
			"AtlasIndex": 0,
			"IsAnalyzed": false,
			"IsMatched": false
		},
		"A26":
		{
			"AtlasIndex": 0,
			"IsAnalyzed": false,
			"IsMatched": false,
			"Swap": ["A73"  ],
		},
		"A27":
		{
			"AtlasIndex": 0,
			"IsAnalyzed": false,
			"IsMatched": false,
			"Swap": ["A28" , "A29" ],
		},
		"A28":
		{
			"AtlasIndex": 0,
			"IsAnalyzed": false,
			"IsMatched": false,
			"Swap": ["A29" ],
		},
		"A30":
		{
			"AtlasIndex": 0,
			"IsAnalyzed": false,
			"IsMatched": false
		},
		"A31":
		{
			"AtlasIndex": 0,
			"IsAnalyzed": false,
			"IsMatched": false
		},
		"A32":
		{
			"AtlasIndex": 0,
			"IsAnalyzed": false,
			"IsMatched": false
		},
		"A33":
		{
			"AtlasIndex": 0,
			"IsAnalyzed": false,
			"IsMatched": false
		},
		"A34":
		{
			"AtlasIndex": 0,
			"IsAnalyzed": false,
			"IsMatched": false,
			"Swap": ["A36"],
		},
		"A35":
		{
			"AtlasIndex": 0,
			"IsAnalyzed": false,
			"IsMatched": false
		},
		"A36":
		{
			"AtlasIndex": 0,
			"IsAnalyzed": false,
			"IsMatched": false,
			"Swap": [ "A74" ]

		},
		"A37":
		{
			"AtlasIndex": 0,
			"IsAnalyzed": false,
			"IsMatched": false,
			"Swap": [ "A75" ]
		},
		"A38":
		{
			"AtlasIndex": 0,
			"IsAnalyzed": false,
			"IsMatched": false,
			"Swap": [ "A74" ]
		},
		"A39":
		{
			"AtlasIndex": 0,
			"IsAnalyzed": false,
			"IsMatched": false,
			"Swap": [ "A50" ]
		},
		"A40":
		{
			"AtlasIndex": 0,
			"IsAnalyzed": false,
			"IsMatched": false,
			"Swap": ["A41" , "A42" , "A11" ]
		},
		"A41":
		{
			"AtlasIndex": 0,
			"IsAnalyzed": false,
			"IsMatched": false,
			"Swap": [ "A43" , "A30" ]
		},
		"A42":
		{
			"AtlasIndex": 0,
			"IsAnalyzed": false,
			"IsMatched": false,
			"Swap": [ "A43" , "A31" ]
		},
		"A50":
		{
			"AtlasIndex": 0,
			"IsAnalyzed": false,
			"IsMatched": false,
			"Swap": [ "A72" ]
		},
		"A51":
		{
			"AtlasIndex": 0,
			"IsAnalyzed": false,
			"IsMatched": false,
			"Swap": ["A52" , "A53" ]
		},
		"A52":
		{
			"AtlasIndex": 0,
			"IsAnalyzed": false,
			"IsMatched": false,
			"Swap": ["A53" ]
		},
		"A53":
		{
			"AtlasIndex": 0,
			"IsAnalyzed": false,
			"IsMatched": false
		},
		"A54":
		{
			"AtlasIndex": 0,
			"IsAnalyzed": false,
			"IsMatched": false
		},
		"A55":
		{
			"AtlasIndex": 0,
			"IsAnalyzed": false,
			"IsMatched": false
		},
		"A56":
		{
			"AtlasIndex": 0,
			"IsAnalyzed": false,
			"IsMatched": false
		},
		"A59":
		{
			"AtlasIndex": 0,
			"IsAnalyzed": false,
			"IsMatched": false,
			"Swap": ["A71" ]
		},
		"A60":
		{
			"AtlasIndex": 0,
			"IsAnalyzed": false,
			"IsMatched": false,
			"Swap": ["A64" ]
		},
		"A64":
		{
			"AtlasIndex": 0,
			"IsAnalyzed": false,
			"IsMatched": false,
			"Swap": ["A65" , "A66" ]
		},
		"A67":
		{
			"AtlasIndex": 0,
			"IsAnalyzed": false,
			"IsMatched": false,
			"Swap": ["A68" ]
		},
		"A68":
		{
			"AtlasIndex": 0,
			"IsAnalyzed": false,
			"IsMatched": false,
			"Swap": ["A76" ]
		},
		"A77":
		{
			"AtlasIndex": 0,
			"IsAnalyzed": false,
			"IsMatched": false,
			"Swap": ["A78" ]
		},
		"A78":
		{
			"AtlasIndex": 0,
			"IsAnalyzed": false,
			"IsMatched": false,
			"Swap": ["A79" ]
		},
		"B0":
		{
			"AtlasIndex": 0,
			"IsAnalyzed": false,
			"IsMatched": false
		},
		"B1":
		{
			"AtlasIndex": 0,
			"IsAnalyzed": false,
			"IsMatched": false
		},
		"B2":
		{
			"AtlasIndex": 0,
			"IsAnalyzed": false,
			"IsMatched": false
		}
	},
	"Match":
	{
		"00":
		{
			"0":
			{
				"Index": "A7",
				"Evidence": "B0"
			}
		},
		"01":
		{
			"0":
			{
				"Index": "A7",
				"Evidence": "B1"
			}
		},
		"02":
		{
			"0":
			{
				"Index": "A7",
				"Evidence": "B2"
			}
		},
		"A7":
		{
			"0":
			{
				"Index": "00",
				"Evidence": "B0"
			},
			"1":
			{
				"Index": "01",
				"Evidence": "B1"
			},
			"2":
			{
				"Index": "02",
				"Evidence": "B2"
			}
		}
	}

}
