{
  "0": {
    "m_Index": "A0",
    "0": {
      "m_Selection": [  ]
    },
    "1": {
    }
  },
  "1": {
    "m_Index": "A1",
    "0": {
      "m_Selection": []
    },
    "1": {
      "m_Selection": [ "00", "01" ]
    }
  },
  "2": {
    "m_Index": "C0",
    "0": {
      "m_Selection": [ ]
    },
    "1": {
      "m_Selection": [ "10" ]
    }
  },
  "3": {
    "m_Index": "C1",
    "0": {
      "m_Selection": [ ]
    },
    "1": {
      "m_Selection": [ ]
    }
  },
  "4": {
    "m_Index": "C2",
    
    "0": {
      "m_Selection": [  ]
    },
    "1": {
      "m_Selection": [ "00" , "01"]
    }
  },
  "5": {
    "m_Index": "D0",
    "0": {
      "m_Selection": []
    },
    "1": {
    }
  },
  "6": {
    "m_Index": "D1",
    "0": {
      "m_Selection": [ "00", "01", "02" ]
    },
    "1": {
      "m_Selection": [ "20", "21", "22" ]
    }
  },
  "7": {
    "m_Index": "D2",
    "0": {
      "m_Selection": [ ]
    },
    "1": {
      "m_Selection": [ "00", "01" ]
    }
  },
  "8": {
    "m_Index": "D3",
    "0": {
      "m_Selection": [ ]
    },
    "1": {
    }
  },
  "9": {
    "m_Index": "D4",
    "0": {
      "m_Selection": [ ]
    },
    "1": {
      "m_Selection": [ "20", "03","21", "22" ]
    }
  },
  "10": {
    "m_Index": "D5",
    "0": {
      "m_Selection": [ ]
    },
    "1": {
      "m_Selection": [ "00", "01", "20" ]
    }
  },
  "11": {
    "m_Index": "D6",
    "0": {
      "m_Selection": [  ]
    },
    "1": {
      "m_Selection": [ "00", "01", "02", "04" ]
    }
  },
  "12": {
    "m_Index": "D7",
    "0": {
      "m_Selection": [ "00" ]
    },
    "1": {
      "m_Selection": [ "00" ]
    }
  },
  "13": {
    "m_Index": "D8",
    "0": {
      "m_Selection": [  ]
    },
    "1": {
    }
  },
  "14": {
    "m_Index": "D9",
    "0": {
      "m_Selection": [ "00" , "20"]
    },
    "1": {
      "m_Selection": [ "20" ]
    }
  },
   "15": {
    "m_Index": "D10",
    "0": {
      "m_Selection": [ ]
    },
    "1": {
      "m_Selection": [ "20" ]
    }
  },
  "16": {
    "m_Index": "A2",
    "0": {
      "m_Selection": [ "00" ]
    },
    "1": {
      "m_Selection": [ "00" ]
    }
  },
  "17": {
    "m_Index": "D14",
    "0": {
      "m_Selection": [ "00" , "01" , "02" ]
    },
    "1": {
    }
  },
  "18": {
    "m_Index": "D15",
    "0": {
      "m_Selection": [  ]
    },
    "1": {
      "m_Selection": [  ]
    },
  "19": {
    "m_Index": "T1",
    "0": {
      "m_Selection": [ ]
    },
    "1": {
      "m_Selection": []
    }
  },
  "20": {
    "m_Index": "N0",
    "0": {
      "m_Selection": [ ]
    },
    "1": {
      "m_Selection": [ ]
    }
  },
  "21": {
    "m_Index": "D13",
    "0": {
      "m_Selection": [ ]
    },
    "1": {
      "m_Selection": [ ]
    }
  },
  "22": {
    "m_Index": "D16",
    "0": {
      "m_Selection": [ ]
    },
    "1": {
      "m_Selection": [ ]
    }
  },
  "23": {
    "m_Index": "D17",
    "0": {
      "m_Selection": [ ]
    },
    "1": {
      "m_Selection": [ ]
    }
  },
  "24": {
    "m_Index": "D18",
    "0": {
      "m_Selection": [ ]
    },
    "1": {
      "m_Selection": [ ]
    }
  },
  "25": {
    "m_Index": "D19",
    "0": {
      "m_Selection": [ ]
    },
    "1": {
      "m_Selection": [ ]
    }
  },
  "26": {
    "m_Index": "D20",
    "0": {
      "m_Selection": [ ]
    },
    "1": {
      "m_Selection": [ ]
    }
  }
}
}